fisionomia,last_fire1,fire_count1,Vegetacao,Vegetation,last_fire,fire_count,Lat,Long,Periodo,Area,Parcela,Termografo,Day,Month,Year,Date,Time,Fo,Fm,Fv,Fv_Fm,RC_ABS,Fv_Fo,1_Vj_Vj,PI,T_Max,T_Min,T_Mean,Diameter_cm,Height_cm,SPAD
7,300,50,Cerrado aberto,Savanna grassland,6 - 7 years,more 10 fire_count,"-7°20'17.95""S","-47° 3'18.37""W",Tarde,1,1,4540,5,11,21,05/11/21,13:08:12, 10679,23806,13127,0.551,0.302,1.229,0.341,0.127,41.5,34.1,37.25,35.0,62.0,30.85
7,300,50,Cerrado aberto,Savanna grassland,6 - 7 years,more 10 fire_count,"-7°20'17.95""S","-47° 3'18.37""W",Tarde,1,1,4540,5,11,21,05/11/21,13:08:36, 6352,20691,14339,0.693,0.921,2.257,0.664,1.381,41.5,34.1,37.3,35.0,62.0,30.9
7,300,50,Cerrado aberto,Savanna grassland,6 - 7 years,more 10 fire_count,"-7°20'17.95""S","-47° 3'18.37""W",Tarde,1,1,4540,5,11,21,05/11/21,13:08:52, 8250,23237,14987,0.645,0.651,1.817,0.423,0.500,41.5,34.1,37.3,35.0,62.0,30.9
7,300,50,Cerrado aberto,Savanna grassland,6 - 7 years,more 10 fire_count,"-7°20'17.95""S","-47° 3'18.37""W",Tarde,1,1,4540,5,11,21,05/11/21,13:09:11, 6922,24689,17767,0.720,1.236,2.567,0.681,2.160,41.5,34.1,37.3,35.0,62.0,30.9
7,300,50,Cerrado aberto,Savanna grassland,6 - 7 years,more 10 fire_count,"-7°20'17.95""S","-47° 3'18.37""W",Tarde,1,1,4540,5,11,21,05/11/21,13:09:28, 5234,20956,15722,0.750,1.121,3.004,0.523,1.763,41.5,34.1,37.3,35.0,62.0,30.9
7,300,50,Cerrado aberto,Savanna grassland,6 - 7 years,more 10 fire_count,"-7°20'17.95""S","-47° 3'18.37""W",Tarde,1,1,4540,5,11,21,05/11/21,13:09:40, 6004,23436,17432,0.744,1.243,2.903,0.697,2.515,41.5,34.1,37.3,35.0,62.0,30.9
7,300,50,Cerrado aberto,Savanna grassland,6 - 7 years,more 10 fire_count,"-7°20'17.95""S","-47° 3'18.37""W",Tarde,1,1,4540,5,11,21,05/11/21,13:09:57, 6704,20560,13856,0.674,1.005,2.067,0.674,1.400,41.5,34.1,37.3,35.0,62.0,30.9
7,300,50,Cerrado aberto,Savanna grassland,6 - 7 years,more 10 fire_count,"-7°20'17.95""S","-47° 3'18.37""W",Tarde,1,1,4540,5,11,21,05/11/21,13:10:20, 5574,18737,13163,0.703,0.920,2.361,0.633,1.374,41.5,34.1,37.3,35.0,62.0,30.9
7,300,50,Cerrado aberto,Savanna grassland,6 - 7 years,more 10 fire_count,"-7°20'17.95""S","-47° 3'18.37""W",Tarde,1,1,4540,5,11,21,05/11/21,13:10:31, 6173,20344,14171,0.697,0.876,2.296,0.685,1.376,41.5,34.1,37.3,35.0,62.0,30.9
7,300,50,Cerrado aberto,Savanna grassland,6 - 7 years,more 10 fire_count,"-7°20'17.95""S","-47° 3'18.37""W",Tarde,1,1,4540,5,11,21,05/11/21,13:10:48, 3283,10747,7464,0.695,1.354,2.274,0.713,2.195,41.5,34.1,37.3,35.0,62.0,30.9
7,400,40,Cerrado aberto,Savanna grassland,more 10 years,8 - 10 fire_count,"-7°20'19.34""S","-47° 3'17.97""W",Tarde,1,2,4541,5,11,21,05/11/21,13:14:02, 5927,22500,16573,0.737,1.355,2.796,0.648,2.454,38.6,33.7,35.6,43.5,53.5,26.9
7,400,40,Cerrado aberto,Savanna grassland,more 10 years,8 - 10 fire_count,"-7°20'19.34""S","-47° 3'17.97""W",Tarde,1,2,4541,5,11,21,05/11/21,13:14:12, 4538,16702,12164,0.728,1.125,2.680,0.637,1.920,38.6,33.7,35.6,43.5,53.5,26.9
7,400,40,Cerrado aberto,Savanna grassland,more 10 years,8 - 10 fire_count,"-7°20'19.34""S","-47° 3'17.97""W",Tarde,1,2,4541,5,11,21,05/11/21,13:14:28, 5684,24495,18811,0.768,1.309,3.309,0.640,2.775,38.6,33.7,35.6,43.5,53.5,26.9
7,400,40,Cerrado aberto,Savanna grassland,more 10 years,8 - 10 fire_count,"-7°20'19.34""S","-47° 3'17.97""W",Tarde,1,2,4541,5,11,21,05/11/21,13:14:39, 6038,24931,18893,0.758,1.537,3.129,0.687,3.303,38.6,33.7,35.6,43.5,53.5,26.9
7,400,40,Cerrado aberto,Savanna grassland,more 10 years,8 - 10 fire_count,"-7°20'19.34""S","-47° 3'17.97""W",Tarde,1,2,4541,5,11,21,05/11/21,13:14:49, 4811,16363,11552,0.706,0.928,2.401,0.686,1.527,38.6,33.7,35.6,43.5,53.5,26.9
7,400,40,Cerrado aberto,Savanna grassland,more 10 years,8 - 10 fire_count,"-7°20'19.34""S","-47° 3'17.97""W",Tarde,1,2,4541,5,11,21,05/11/21,13:15:01, 4223,16212,11989,0.740,1.095,2.839,0.607,1.887,38.6,33.7,35.6,43.5,53.5,26.9
7,400,40,Cerrado aberto,Savanna grassland,more 10 years,8 - 10 fire_count,"-7°20'19.34""S","-47° 3'17.97""W",Tarde,1,2,4541,5,11,21,05/11/21,13:15:11, 5541,22192,16651,0.750,1.277,3.005,0.686,2.631,38.6,33.7,35.6,43.5,53.5,26.9
7,400,40,Cerrado aberto,Savanna grassland,more 10 years,8 - 10 fire_count,"-7°20'19.34""S","-47° 3'17.97""W",Tarde,1,2,4541,5,11,21,05/11/21,13:15:22, 5822,21600,15778,0.730,1.257,2.710,0.680,2.314,38.6,33.7,35.6,43.5,53.5,26.9
7,400,40,Cerrado aberto,Savanna grassland,more 10 years,8 - 10 fire_count,"-7°20'19.34""S","-47° 3'17.97""W",Tarde,1,2,4541,5,11,21,05/11/21,13:15:34, 2367,8857,6490,0.733,1.345,2.742,0.639,2.356,38.6,33.7,35.6,43.5,53.5,26.9
6,400,10,Cerrado denso,Savanna shrub,more 10 years,0 - 1 fire_count,"-7°20'16.47""S","-47° 3'16.12""W",Tarde,1,3,4542,5,11,21,05/11/21,14:09:47, 4389,20418,16029,0.785,1.659,3.652,0.592,3.586,31.9,28.3,30.2,32.0,50.5,33.0
6,400,10,Cerrado denso,Savanna shrub,more 10 years,0 - 1 fire_count,"-7°20'16.47""S","-47° 3'16.12""W",Tarde,1,3,4542,5,11,21,05/11/21,14:10:09, 3490,13246,9756,0.737,0.828,2.795,0.449,1.039,31.9,28.3,30.2,32.0,50.5,33.0
6,400,10,Cerrado denso,Savanna shrub,more 10 years,0 - 1 fire_count,"-7°20'16.47""S","-47° 3'16.12""W",Tarde,1,3,4542,5,11,21,05/11/21,14:10:29, 2812,12193,9381,0.769,1.410,3.336,0.534,2.513,31.9,28.3,30.2,32.0,50.5,33.0
6,400,10,Cerrado denso,Savanna shrub,more 10 years,0 - 1 fire_count,"-7°20'16.47""S","-47° 3'16.12""W",Tarde,1,3,4542,5,11,21,05/11/21,14:11:11, 3230,14062,10832,0.770,1.401,3.354,0.579,2.721,31.9,28.3,30.2,32.0,50.5,33.0
6,400,10,Cerrado denso,Savanna shrub,more 10 years,0 - 1 fire_count,"-7°20'16.47""S","-47° 3'16.12""W",Tarde,1,3,4542,5,11,21,05/11/21,14:11:55, 4643,14498,9855,0.680,0.850,2.123,0.478,0.862,31.9,28.3,30.2,32.0,50.5,33.0
6,400,10,Cerrado denso,Savanna shrub,more 10 years,0 - 1 fire_count,"-7°20'16.47""S","-47° 3'16.12""W",Tarde,1,3,4542,5,11,21,05/11/21,14:12:13, 3625,16234,12609,0.777,1.454,3.478,0.581,2.938,31.9,28.3,30.2,32.0,50.5,33.0
6,400,10,Cerrado denso,Savanna shrub,more 10 years,0 - 1 fire_count,"-7°20'16.47""S","-47° 3'16.12""W",Tarde,1,3,4542,5,11,21,05/11/21,14:12:29, 5562,22862,17300,0.757,1.235,3.110,0.566,2.177,31.9,28.3,30.2,32.0,50.5,33.0
6,400,10,Cerrado denso,Savanna shrub,more 10 years,0 - 1 fire_count,"-7°20'16.47""S","-47° 3'16.12""W",Tarde,1,3,4542,5,11,21,05/11/21,14:12:52, 3013,14100,11087,0.786,1.758,3.680,0.616,3.986,31.9,28.3,30.2,32.0,50.5,33.0
6,400,10,Cerrado denso,Savanna shrub,more 10 years,0 - 1 fire_count,"-7°20'16.47""S","-47° 3'16.12""W",Tarde,1,3,4542,5,11,21,05/11/21,14:13:41, 1122,5335,4213,0.790,1.793,3.755,0.598,4.024,31.9,28.3,30.2,32.0,50.5,33.0
6,400,10,Cerrado denso,Savanna shrub,more 10 years,0 - 1 fire_count,"-7°20'16.47""S","-47° 3'16.12""W",Tarde,1,3,4542,5,11,21,05/11/21,14:14:00, 2501,11576,9075,0.784,1.654,3.629,0.612,3.677,31.9,28.3,30.2,32.0,50.5,33.0
6,400,10,Cerrado denso,Savanna shrub,more 10 years,0 - 1 fire_count,"-7°20'16.47""S","-47° 3'16.12""W",Tarde,1,3,4542,5,11,21,05/11/21,14:14:13, 4021,17280,13259,0.767,1.520,3.297,0.596,2.987,31.9,28.3,30.2,32.0,50.5,33.0
6,100,50,Cerrado denso,Savanna shrub,1 - 2 years,more 10 fire_count,"-7°19'54.6""S","-47° 3'23.0""W",Tarde,2,3,4545,5,11,21,05/11/21,16:26:52, 4661,23711,19050,0.803,1.827,4.087,0.634,4.738,26.7,24.5,25.9,52.0,27.0,31.4
6,100,50,Cerrado denso,Savanna shrub,1 - 2 years,more 10 fire_count,"-7°19'54.6""S","-47° 3'23.0""W",Tarde,2,3,4545,5,11,21,05/11/21,16:27:05, 4514,23414,18900,0.807,1.642,4.187,0.607,4.174,26.7,24.5,25.9,52.0,27.0,31.4
6,100,50,Cerrado denso,Savanna shrub,1 - 2 years,more 10 fire_count,"-7°19'54.6""S","-47° 3'23.0""W",Tarde,2,3,4545,5,11,21,05/11/21,16:27:23, 5145,25419,20274,0.798,1.737,3.941,0.637,4.362,26.7,24.5,25.9,52.0,27.0,31.4
6,100,50,Cerrado denso,Savanna shrub,1 - 2 years,more 10 fire_count,"-7°19'54.6""S","-47° 3'23.0""W",Tarde,2,3,4545,5,11,21,05/11/21,16:27:35, 3280,16672,13392,0.803,1.657,4.083,0.612,4.138,26.7,24.5,25.9,52.0,27.0,31.4
6,100,50,Cerrado denso,Savanna shrub,1 - 2 years,more 10 fire_count,"-7°19'54.6""S","-47° 3'23.0""W",Tarde,2,3,4545,5,11,21,05/11/21,16:27:47, 4681,23836,19155,0.804,1.650,4.092,0.609,4.110,26.7,24.5,25.9,52.0,27.0,31.4
6,100,50,Cerrado denso,Savanna shrub,1 - 2 years,more 10 fire_count,"-7°19'54.6""S","-47° 3'23.0""W",Tarde,2,3,4545,5,11,21,05/11/21,16:28:00, 3671,18615,14944,0.803,1.372,4.071,0.573,3.200,26.7,24.5,25.9,52.0,27.0,31.4
6,100,50,Cerrado denso,Savanna shrub,1 - 2 years,more 10 fire_count,"-7°19'54.6""S","-47° 3'23.0""W",Tarde,2,3,4545,5,11,21,05/11/21,16:28:12, 920,4451,3531,0.793,1.640,3.838,0.602,3.788,26.7,24.5,25.9,52.0,27.0,31.4
6,100,50,Cerrado denso,Savanna shrub,1 - 2 years,more 10 fire_count,"-7°19'54.6""S","-47° 3'23.0""W",Tarde,2,3,4545,5,11,21,05/11/21,16:28:22, 5504,27798,22294,0.802,1.765,4.051,0.626,4.475,26.7,24.5,25.9,52.0,27.0,31.4
6,100,50,Cerrado denso,Savanna shrub,1 - 2 years,more 10 fire_count,"-7°19'54.6""S","-47° 3'23.0""W",Tarde,2,3,4545,5,11,21,05/11/21,16:28:32, 5022,25498,20476,0.803,1.606,4.077,0.615,4.026,26.7,24.5,25.9,52.0,27.0,31.4
6,100,50,Cerrado denso,Savanna shrub,1 - 2 years,more 10 fire_count,"-7°19'55.5""S","-47° 3'22.9""W",Tarde,2,1,4544,5,11,21,05/11/21,16:36:11, 4554,20466,15912,0.777,1.522,3.494,0.590,3.140,27.9,25.3,26.9,48.0,26.5,29.6
6,100,50,Cerrado denso,Savanna shrub,1 - 2 years,more 10 fire_count,"-7°19'55.5""S","-47° 3'22.9""W",Tarde,2,1,4544,5,11,21,05/11/21,16:36:24, 5059,24292,19233,0.792,1.682,3.802,0.626,4.005,27.9,25.3,26.9,48.0,26.5,29.6
6,100,50,Cerrado denso,Savanna shrub,1 - 2 years,more 10 fire_count,"-7°19'55.5""S","-47° 3'22.9""W",Tarde,2,1,4544,5,11,21,05/11/21,16:36:35, 2146,10388,8242,0.793,1.771,3.841,0.653,4.445,27.9,25.3,26.9,48.0,26.5,29.6
6,100,50,Cerrado denso,Savanna shrub,1 - 2 years,more 10 fire_count,"-7°19'55.5""S","-47° 3'22.9""W",Tarde,2,1,4544,5,11,21,05/11/21,16:36:46, 4353,23850,19497,0.817,1.829,4.479,0.612,5.010,27.9,25.3,26.9,48.0,26.5,29.6
6,100,50,Cerrado denso,Savanna shrub,1 - 2 years,more 10 fire_count,"-7°19'55.5""S","-47° 3'22.9""W",Tarde,2,1,4544,5,11,21,05/11/21,16:36:58, 3080,14432,11352,0.787,1.270,3.686,0.572,2.677,27.9,25.3,26.9,48.0,26.5,29.6
6,100,50,Cerrado denso,Savanna shrub,1 - 2 years,more 10 fire_count,"-7°19'55.5""S","-47° 3'22.9""W",Tarde,2,1,4544,5,11,21,05/11/21,16:37:08, 4952,23532,18580,0.790,1.824,3.752,0.628,4.294,27.9,25.3,26.9,48.0,26.5,29.6
6,100,50,Cerrado denso,Savanna shrub,1 - 2 years,more 10 fire_count,"-7°19'55.5""S","-47° 3'22.9""W",Tarde,2,1,4544,5,11,21,05/11/21,16:37:19, 4233,21409,17176,0.802,1.447,4.058,0.610,3.580,27.9,25.3,26.9,48.0,26.5,29.6
6,100,50,Cerrado denso,Savanna shrub,1 - 2 years,more 10 fire_count,"-7°19'55.5""S","-47° 3'22.9""W",Tarde,2,1,4544,5,11,21,05/11/21,16:37:30, 4884,25651,20767,0.810,1.563,4.252,0.624,4.149,27.9,25.3,26.9,48.0,26.5,29.6
6,100,50,Cerrado denso,Savanna shrub,1 - 2 years,more 10 fire_count,"-7°19'55.5""S","-47° 3'22.9""W",Tarde,2,1,4544,5,11,21,05/11/21,16:37:42, 5512,27330,21818,0.798,1.613,3.958,0.628,4.010,27.9,25.3,26.9,48.0,26.5,29.6
6,100,50,Cerrado denso,Savanna shrub,1 - 2 years,more 10 fire_count,"-7°19'57.4""S","-47° 3'21.7""W",Tarde,2,2,4543,5,11,21,05/11/21,16:42:31, 3649,19142,15493,0.809,1.611,4.246,0.614,4.200,27.7,25.0,26.7,54.5,24.0,29.1
6,100,50,Cerrado denso,Savanna shrub,1 - 2 years,more 10 fire_count,"-7°19'57.4""S","-47° 3'21.7""W",Tarde,2,2,4543,5,11,21,05/11/21,16:42:42, 3407,16239,12832,0.790,1.572,3.766,0.586,3.470,27.7,25.0,26.7,54.5,24.0,29.1
6,100,50,Cerrado denso,Savanna shrub,1 - 2 years,more 10 fire_count,"-7°19'57.4""S","-47° 3'21.7""W",Tarde,2,2,4543,5,11,21,05/11/21,16:42:53, 3786,19896,16110,0.810,1.464,4.255,0.575,3.582,27.7,25.0,26.7,54.5,24.0,29.1
6,100,50,Cerrado denso,Savanna shrub,1 - 2 years,more 10 fire_count,"-7°19'57.4""S","-47° 3'21.7""W",Tarde,2,2,4543,5,11,21,05/11/21,16:43:04, 4194,19968,15774,0.790,1.559,3.761,0.590,3.459,27.7,25.0,26.7,54.5,24.0,29.1
6,100,50,Cerrado denso,Savanna shrub,1 - 2 years,more 10 fire_count,"-7°19'57.4""S","-47° 3'21.7""W",Tarde,2,2,4543,5,11,21,05/11/21,16:43:14, 5354,26412,21058,0.797,1.481,3.933,0.611,3.557,27.7,25.0,26.7,54.5,24.0,29.1
6,100,50,Cerrado denso,Savanna shrub,1 - 2 years,more 10 fire_count,"-7°19'57.4""S","-47° 3'21.7""W",Tarde,2,2,4543,5,11,21,05/11/21,16:43:25, 4315,22063,17748,0.804,1.889,4.113,0.652,5.068,27.7,25.0,26.7,54.5,24.0,29.1
6,100,50,Cerrado denso,Savanna shrub,1 - 2 years,more 10 fire_count,"-7°19'57.4""S","-47° 3'21.7""W",Tarde,2,2,4543,5,11,21,05/11/21,16:43:36, 5011,19385,14374,0.742,0.867,2.868,0.516,1.282,27.7,25.0,26.7,54.5,24.0,29.1
6,100,50,Cerrado denso,Savanna shrub,1 - 2 years,more 10 fire_count,"-7°19'57.4""S","-47° 3'21.7""W",Tarde,2,2,4543,5,11,21,05/11/21,16:43:46, 5736,25397,19661,0.774,1.576,3.428,0.615,3.320,27.7,25.0,26.7,54.5,24.0,29.1
6,100,50,Cerrado denso,Savanna shrub,1 - 2 years,more 10 fire_count,"-7°19'57.4""S","-47° 3'21.7""W",Tarde,2,2,4543,5,11,21,05/11/21,17:09:40, 4050,19057,15007,0.787,1.789,3.705,0.658,4.362,27.7,25.0,26.7,54.5,24.0,29.1
6,100,50,Cerrado denso,Savanna shrub,1 - 2 years,more 10 fire_count,-7°19′57.13″S,-47°3′19.06″W,Tarde,3,1,4546,5,11,21,05/11/21,17:30:31, 3644,18037,14393,0.798,1.867,3.950,0.607,4.475,27.6,24.6,26.0,44.0,50.0,30.4
6,100,50,Cerrado denso,Savanna shrub,1 - 2 years,more 10 fire_count,-7°19′57.13″S,-47°3′19.06″W,Tarde,3,1,4546,5,11,21,05/11/21,17:30:40, 3577,17917,14340,0.800,1.731,4.009,0.603,4.184,27.6,24.6,26.0,44.0,50.0,30.4
6,100,50,Cerrado denso,Savanna shrub,1 - 2 years,more 10 fire_count,-7°19′57.13″S,-47°3′19.06″W,Tarde,3,1,4546,5,11,21,05/11/21,17:30:53, 2989,15012,12023,0.801,2.260,4.022,0.636,5.783,27.6,24.6,26.0,44.0,50.0,30.4
6,100,50,Cerrado denso,Savanna shrub,1 - 2 years,more 10 fire_count,-7°19′57.13″S,-47°3′19.06″W,Tarde,3,1,4546,5,11,21,05/11/21,17:31:05, 3419,16326,12907,0.791,1.993,3.775,0.648,4.878,27.6,24.6,26.0,44.0,50.0,30.4
6,100,50,Cerrado denso,Savanna shrub,1 - 2 years,more 10 fire_count,-7°19′57.13″S,-47°3′19.06″W,Tarde,3,1,4546,5,11,21,05/11/21,17:31:14, 3267,16081,12814,0.797,1.941,3.922,0.630,4.799,27.6,24.6,26.0,44.0,50.0,30.4
6,100,50,Cerrado denso,Savanna shrub,1 - 2 years,more 10 fire_count,-7°19′57.13″S,-47°3′19.06″W,Tarde,3,1,4546,5,11,21,05/11/21,17:31:28, 3214,15867,12653,0.797,2.175,3.937,0.659,5.643,27.6,24.6,26.0,44.0,50.0,30.4
6,100,50,Cerrado denso,Savanna shrub,1 - 2 years,more 10 fire_count,-7°19′57.13″S,-47°3′19.06″W,Tarde,3,1,4546,5,11,21,05/11/21,17:31:38, 4505,21100,16595,0.786,1.513,3.684,0.592,3.300,27.6,24.6,26.0,44.0,50.0,30.4
6,100,50,Cerrado denso,Savanna shrub,1 - 2 years,more 10 fire_count,-7°19′57.13″S,-47°3′19.06″W,Tarde,3,1,4546,5,11,21,05/11/21,17:31:48, 3356,17544,14188,0.809,1.836,4.228,0.605,4.698,27.6,24.6,26.0,44.0,50.0,30.4
6,100,50,Cerrado denso,Savanna shrub,1 - 2 years,more 10 fire_count,-7°19′57.13″S,-47°3′19.06″W,Tarde,3,1,4546,5,11,21,05/11/21,17:32:00, 2524,13003,10479,0.806,2.056,4.152,0.633,5.398,27.6,24.6,26.0,44.0,50.0,30.4
6,100,50,Cerrado denso,Savanna shrub,1 - 2 years,more 10 fire_count,"-7°19'56.3""S","-47° 3'18.5""W",Tarde,3,2,4548,5,11,21,05/11/21,17:36:33, 3094,15020,11926,0.794,1.818,3.855,0.602,4.218,26.5,24.3,25.3,59.5,49.5,32.0
6,100,50,Cerrado denso,Savanna shrub,1 - 2 years,more 10 fire_count,"-7°19'56.3""S","-47° 3'18.5""W",Tarde,3,2,4548,5,11,21,05/11/21,17:36:44, 3312,15701,12389,0.789,1.748,3.741,0.595,3.891,26.5,24.3,25.3,59.5,49.5,32.0
6,100,50,Cerrado denso,Savanna shrub,1 - 2 years,more 10 fire_count,"-7°19'56.3""S","-47° 3'18.5""W",Tarde,3,2,4548,5,11,21,05/11/21,17:36:57, 2969,14632,11663,0.797,2.024,3.928,0.634,5.040,26.5,24.3,25.3,59.5,49.5,32.0
6,100,50,Cerrado denso,Savanna shrub,1 - 2 years,more 10 fire_count,"-7°19'56.3""S","-47° 3'18.5""W",Tarde,3,2,4548,5,11,21,05/11/21,17:37:20, 3394,15825,12431,0.786,1.818,3.663,0.604,4.021,26.5,24.3,25.3,59.5,49.5,32.0
6,100,50,Cerrado denso,Savanna shrub,1 - 2 years,more 10 fire_count,"-7°19'56.3""S","-47° 3'18.5""W",Tarde,3,2,4548,5,11,21,05/11/21,17:37:34, 3522,16736,13214,0.790,1.308,3.752,0.553,2.712,26.5,24.3,25.3,59.5,49.5,32.0
6,100,50,Cerrado denso,Savanna shrub,1 - 2 years,more 10 fire_count,"-7°19'56.3""S","-47° 3'18.5""W",Tarde,3,2,4548,5,11,21,05/11/21,17:37:46, 3501,16366,12865,0.786,1.670,3.675,0.613,3.760,26.5,24.3,25.3,59.5,49.5,32.0
6,100,50,Cerrado denso,Savanna shrub,1 - 2 years,more 10 fire_count,"-7°19'56.3""S","-47° 3'18.5""W",Tarde,3,2,4548,5,11,21,05/11/21,17:37:59, 2695,12827,10132,0.790,1.814,3.760,0.606,4.136,26.5,24.3,25.3,59.5,49.5,32.0
6,100,50,Cerrado denso,Savanna shrub,1 - 2 years,more 10 fire_count,"-7°19'56.3""S","-47° 3'18.5""W",Tarde,3,2,4548,5,11,21,05/11/21,17:38:12, 3351,15998,12647,0.791,1.747,3.774,0.611,4.030,26.5,24.3,25.3,59.5,49.5,32.0
6,100,50,Cerrado denso,Savanna shrub,1 - 2 years,more 10 fire_count,"-7°19'56.3""S","-47° 3'18.5""W",Tarde,3,2,4548,5,11,21,05/11/21,17:38:24, 3215,17307,14092,0.814,2.138,4.383,0.638,5.978,26.5,24.3,25.3,59.5,49.5,32.0
6,100,50,Cerrado denso,Savanna shrub,1 - 2 years,more 10 fire_count,"-7°19'57.70""S","-47° 3'18.3""W",Tarde,3,3,4549,5,11,21,05/11/21,17:50:33, 3043,13389,10346,0.773,1.727,3.400,0.580,3.407,25.7,23.8,24.7,58.5,51.0,30.7
6,100,50,Cerrado denso,Savanna shrub,1 - 2 years,more 10 fire_count,"-7°19'57.70""S","-47° 3'18.3""W",Tarde,3,3,4549,5,11,21,05/11/21,17:50:41, 2747,12232,9485,0.775,1.057,3.453,0.507,1.849,25.7,23.8,24.7,58.5,51.0,30.7
6,100,50,Cerrado denso,Savanna shrub,1 - 2 years,more 10 fire_count,"-7°19'57.70""S","-47° 3'18.3""W",Tarde,3,3,4549,5,11,21,05/11/21,17:50:54, 1708,8424,6716,0.797,1.615,3.932,0.594,3.772,25.7,23.8,24.7,58.5,51.0,30.7
6,100,50,Cerrado denso,Savanna shrub,1 - 2 years,more 10 fire_count,"-7°19'57.70""S","-47° 3'18.3""W",Tarde,3,3,4549,5,11,21,05/11/21,17:51:12, 3243,15339,12096,0.789,2.077,3.730,0.638,4.943,25.7,23.8,24.7,58.5,51.0,30.7
6,100,50,Cerrado denso,Savanna shrub,1 - 2 years,more 10 fire_count,"-7°19'57.70""S","-47° 3'18.3""W",Tarde,3,3,4549,5,11,21,05/11/21,17:51:22, 3920,18376,14456,0.787,1.738,3.688,0.602,3.856,25.7,23.8,24.7,58.5,51.0,30.7
6,100,50,Cerrado denso,Savanna shrub,1 - 2 years,more 10 fire_count,"-7°19'57.70""S","-47° 3'18.3""W",Tarde,3,3,4549,5,11,21,05/11/21,17:51:32, 3915,18339,14424,0.787,1.636,3.684,0.590,3.558,25.7,23.8,24.7,58.5,51.0,30.7
6,100,50,Cerrado denso,Savanna shrub,1 - 2 years,more 10 fire_count,"-7°19'57.70""S","-47° 3'18.3""W",Tarde,3,3,4549,5,11,21,05/11/21,17:51:47, 3278,15237,11959,0.785,1.466,3.648,0.561,3.002,25.7,23.8,24.7,58.5,51.0,30.7
6,100,50,Cerrado denso,Savanna shrub,1 - 2 years,more 10 fire_count,"-7°19'57.70""S","-47° 3'18.3""W",Tarde,3,3,4549,5,11,21,05/11/21,17:52:03, 3921,18579,14658,0.789,1.619,3.738,0.589,3.567,25.7,23.8,24.7,58.5,51.0,30.7
6,100,50,Cerrado denso,Savanna shrub,1 - 2 years,more 10 fire_count,"-7°19'57.70""S","-47° 3'18.3""W",Tarde,3,3,4549,5,11,21,05/11/21,18:01:29, 4944,22701,17757,0.782,1.172,3.592,0.527,2.216,25.7,23.8,24.7,58.5,51.0,30.7
7,100,50,Cerrado aberto,Savanna grassland,1 - 2 years,more 10 fire_count,-7°19′30.10″S,-47°2′21.01″W,Manhã,4,1,4550,6,11,21,06/11/21,08:11:15, 5637,27853,22216,0.798,2.177,3.941,0.709,6.087,27.1,25.2,26.0,25.5,47.0,36.3
7,100,50,Cerrado aberto,Savanna grassland,1 - 2 years,more 10 fire_count,-7°19′30.10″S,-47°2′21.01″W,Manhã,4,1,4550,6,11,21,06/11/21,08:11:28, 5433,25516,20083,0.787,2.338,3.696,0.754,6.515,27.1,25.2,26.0,25.5,47.0,36.3
7,100,50,Cerrado aberto,Savanna grassland,1 - 2 years,more 10 fire_count,-7°19′30.10″S,-47°2′21.01″W,Manhã,4,1,4550,6,11,21,06/11/21,08:11:37, 4808,25020,20212,0.808,2.788,4.204,0.733,8.597,27.1,25.2,26.0,25.5,47.0,36.3
7,100,50,Cerrado aberto,Savanna grassland,1 - 2 years,more 10 fire_count,-7°19′30.10″S,-47°2′21.01″W,Manhã,4,1,4550,6,11,21,06/11/21,08:11:54, 5233,23142,17909,0.774,1.566,3.422,0.619,3.314,27.1,25.2,26.0,25.5,47.0,36.3
7,100,50,Cerrado aberto,Savanna grassland,1 - 2 years,more 10 fire_count,-7°19′30.10″S,-47°2′21.01″W,Manhã,4,1,4550,6,11,21,06/11/21,08:12:11, 5119,24367,19248,0.790,1.848,3.760,0.697,4.843,27.1,25.2,26.0,25.5,47.0,36.3
7,100,50,Cerrado aberto,Savanna grassland,1 - 2 years,more 10 fire_count,-7°19′30.10″S,-47°2′21.01″W,Manhã,4,1,4550,6,11,21,06/11/21,08:12:24, 5463,23984,18521,0.772,1.748,3.390,0.649,3.844,27.1,25.2,26.0,25.5,47.0,36.3
7,100,50,Cerrado aberto,Savanna grassland,1 - 2 years,more 10 fire_count,-7°19′30.10″S,-47°2′21.01″W,Manhã,4,1,4550,6,11,21,06/11/21,08:12:36, 2315,9750,7435,0.763,1.675,3.212,0.682,3.668,27.1,25.2,26.0,25.5,47.0,36.3
7,100,50,Cerrado aberto,Savanna grassland,1 - 2 years,more 10 fire_count,-7°19′30.10″S,-47°2′21.01″W,Manhã,4,1,4550,6,11,21,06/11/21,08:12:46, 4698,22172,17474,0.788,2.088,3.719,0.692,5.370,27.1,25.2,26.0,25.5,47.0,36.3
7,100,50,Cerrado aberto,Savanna grassland,1 - 2 years,more 10 fire_count,-7°19′30.10″S,-47°2′21.01″W,Manhã,4,1,4550,6,11,21,06/11/21,08:12:58, 2635,12091,9456,0.782,2.308,3.589,0.742,6.148,27.1,25.2,26.0,25.5,47.0,36.3
7,100,50,Cerrado aberto,Savanna grassland,1 - 2 years,more 10 fire_count,-7°19′31.41″S,-47°2′20.58″W,Manhã,4,2,4551,6,11,21,06/11/21,08:16:07, 3770,15908,12138,0.763,1.137,3.220,0.622,2.275,26.4,24.7,25.5,26.5,53.5,32.5
7,100,50,Cerrado aberto,Savanna grassland,1 - 2 years,more 10 fire_count,-7°19′31.41″S,-47°2′20.58″W,Manhã,4,2,4551,6,11,21,06/11/21,08:16:18, 6284,29617,23333,0.788,2.077,3.713,0.729,5.619,26.4,24.7,25.5,26.5,53.5,32.5
7,100,50,Cerrado aberto,Savanna grassland,1 - 2 years,more 10 fire_count,-7°19′31.41″S,-47°2′20.58″W,Manhã,4,2,4551,6,11,21,06/11/21,08:16:26, 5397,25466,20069,0.788,2.586,3.719,0.753,7.242,26.4,24.7,25.5,26.5,53.5,32.5
7,100,50,Cerrado aberto,Savanna grassland,1 - 2 years,more 10 fire_count,-7°19′31.41″S,-47°2′20.58″W,Manhã,4,2,4551,6,11,21,06/11/21,08:16:37, 4626,19948,15322,0.768,1.633,3.312,0.664,3.591,26.4,24.7,25.5,26.5,53.5,32.5
7,100,50,Cerrado aberto,Savanna grassland,1 - 2 years,more 10 fire_count,-7°19′31.41″S,-47°2′20.58″W,Manhã,4,2,4551,6,11,21,06/11/21,08:16:46, 5063,24319,19256,0.792,2.396,3.803,0.737,6.717,26.4,24.7,25.5,26.5,53.5,32.5
7,100,50,Cerrado aberto,Savanna grassland,1 - 2 years,more 10 fire_count,-7°19′31.41″S,-47°2′20.58″W,Manhã,4,2,4551,6,11,21,06/11/21,08:16:56, 3045,13689,10644,0.778,1.641,3.496,0.695,3.987,26.4,24.7,25.5,26.5,53.5,32.5
7,100,50,Cerrado aberto,Savanna grassland,1 - 2 years,more 10 fire_count,-7°19′31.41″S,-47°2′20.58″W,Manhã,4,2,4551,6,11,21,06/11/21,08:17:05, 4823,22229,17406,0.783,1.779,3.609,0.698,4.483,26.4,24.7,25.5,26.5,53.5,32.5
7,100,50,Cerrado aberto,Savanna grassland,1 - 2 years,more 10 fire_count,-7°19′31.41″S,-47°2′20.58″W,Manhã,4,2,4551,6,11,21,06/11/21,08:17:16, 6385,28447,22062,0.776,1.748,3.455,0.712,4.302,26.4,24.7,25.5,26.5,53.5,32.5
7,100,50,Cerrado aberto,Savanna grassland,1 - 2 years,more 10 fire_count,-7°19′31.41″S,-47°2′20.58″W,Manhã,4,2,4551,6,11,21,06/11/21,08:17:27, 6177,27287,21110,0.774,1.236,3.418,0.653,2.758,26.4,24.7,25.5,26.5,53.5,32.5
7,100,50,Cerrado aberto,Savanna grassland,1 - 2 years,more 10 fire_count,-7°19′31.65″S,-47°2′21.38″W,Manhã,4,3,4552,6,11,21,06/11/21,08:20:29, 3554,16782,13228,0.788,2.261,3.722,0.748,6.295,25.7,23.1,23.8,26.5,53.0,35.9
7,100,50,Cerrado aberto,Savanna grassland,1 - 2 years,more 10 fire_count,-7°19′31.65″S,-47°2′21.38″W,Manhã,4,3,4552,6,11,21,06/11/21,08:20:41, 4358,20310,15952,0.785,2.111,3.660,0.736,5.685,25.7,23.1,23.8,26.5,53.0,35.9
7,100,50,Cerrado aberto,Savanna grassland,1 - 2 years,more 10 fire_count,-7°19′31.65″S,-47°2′21.38″W,Manhã,4,3,4552,6,11,21,06/11/21,08:20:50, 3210,14114,10904,0.773,1.996,3.397,0.741,5.024,25.7,23.1,23.8,26.5,53.0,35.9
7,100,50,Cerrado aberto,Savanna grassland,1 - 2 years,more 10 fire_count,-7°19′31.65″S,-47°2′21.38″W,Manhã,4,3,4552,6,11,21,06/11/21,08:21:02, 6285,27646,21361,0.773,1.897,3.399,0.718,4.628,25.7,23.1,23.8,26.5,53.0,35.9
7,100,50,Cerrado aberto,Savanna grassland,1 - 2 years,more 10 fire_count,-7°19′31.65″S,-47°2′21.38″W,Manhã,4,3,4552,6,11,21,06/11/21,08:21:13, 3393,13383,9990,0.746,1.518,2.944,0.649,2.901,25.7,23.1,23.8,26.5,53.0,35.9
7,100,50,Cerrado aberto,Savanna grassland,1 - 2 years,more 10 fire_count,-7°19′31.65″S,-47°2′21.38″W,Manhã,4,3,4552,6,11,21,06/11/21,08:21:28, 3118,13594,10476,0.771,1.430,3.360,0.645,3.100,25.7,23.1,23.8,26.5,53.0,35.9
7,100,50,Cerrado aberto,Savanna grassland,1 - 2 years,more 10 fire_count,-7°19′31.65″S,-47°2′21.38″W,Manhã,4,3,4552,6,11,21,06/11/21,08:21:37, 2916,13920,11004,0.791,1.928,3.774,0.714,5.196,25.7,23.1,23.8,26.5,53.0,35.9
7,100,50,Cerrado aberto,Savanna grassland,1 - 2 years,more 10 fire_count,-7°19′31.65″S,-47°2′21.38″W,Manhã,4,3,4552,6,11,21,06/11/21,08:21:50, 4619,22015,17396,0.790,1.789,3.766,0.676,4.555,25.7,23.1,23.8,26.5,53.0,35.9
7,100,50,Cerrado aberto,Savanna grassland,1 - 2 years,more 10 fire_count,-7°19′31.65″S,-47°2′21.38″W,Manhã,4,3,4552,6,11,21,06/11/21,08:34:08, 6565,27021,20456,0.757,1.791,3.116,0.698,3.896,25.7,23.1,23.8,26.5,53.0,35.9
7,100,50,Cerrado aberto,Savanna grassland,1 - 2 years,more 10 fire_count,-7°18′14.85″S,-47°2′31.23″W,Manhã,5,1,4553,6,11,21,06/11/21,09:38:50, 5205,21651,16446,0.760,1.689,3.160,0.687,3.665,31.2,29.0,29.8,50.5,56.0,33.3
7,100,50,Cerrado aberto,Savanna grassland,1 - 2 years,more 10 fire_count,-7°18′14.85″S,-47°2′31.23″W,Manhã,5,1,4553,6,11,21,06/11/21,09:39:01, 5354,23827,18473,0.775,2.259,3.450,0.746,5.812,31.2,29.0,29.8,50.5,56.0,33.3
7,100,50,Cerrado aberto,Savanna grassland,1 - 2 years,more 10 fire_count,-7°18′14.85″S,-47°2′31.23″W,Manhã,5,1,4553,6,11,21,06/11/21,09:39:11, 5815,26195,20380,0.778,1.732,3.505,0.704,4.273,31.2,29.0,29.8,50.5,56.0,33.3
7,100,50,Cerrado aberto,Savanna grassland,1 - 2 years,more 10 fire_count,-7°18′14.85″S,-47°2′31.23″W,Manhã,5,1,4553,6,11,21,06/11/21,09:39:23, 575,1746,1171,0.671,2.550,2.037,0.717,3.725,31.2,29.0,29.8,50.5,56.0,33.3
7,100,50,Cerrado aberto,Savanna grassland,1 - 2 years,more 10 fire_count,-7°18′14.85″S,-47°2′31.23″W,Manhã,5,1,4553,6,11,21,06/11/21,09:39:33, 3893,16107,12214,0.758,1.269,3.137,0.642,2.559,31.2,29.0,29.8,50.5,56.0,33.3
7,100,50,Cerrado aberto,Savanna grassland,1 - 2 years,more 10 fire_count,-7°18′14.85″S,-47°2′31.23″W,Manhã,5,1,4553,6,11,21,06/11/21,09:39:44, 6053,26953,20900,0.775,1.666,3.453,0.687,3.953,31.2,29.0,29.8,50.5,56.0,33.3
7,100,50,Cerrado aberto,Savanna grassland,1 - 2 years,more 10 fire_count,-7°18′14.85″S,-47°2′31.23″W,Manhã,5,1,4553,6,11,21,06/11/21,09:40:00, 4023,18299,14276,0.780,1.812,3.549,0.701,4.505,31.2,29.0,29.8,50.5,56.0,33.3
7,100,50,Cerrado aberto,Savanna grassland,1 - 2 years,more 10 fire_count,-7°18′14.85″S,-47°2′31.23″W,Manhã,5,1,4553,6,11,21,06/11/21,09:40:09, 7145,27396,20251,0.739,1.456,2.834,0.688,2.841,31.2,29.0,29.8,50.5,56.0,33.3
7,100,50,Cerrado aberto,Savanna grassland,1 - 2 years,more 10 fire_count,-7°18′14.85″S,-47°2′31.23″W,Manhã,5,1,4553,6,11,21,06/11/21,09:40:19, 5091,23923,18832,0.787,1.566,3.699,0.634,3.675,31.2,29.0,29.8,50.5,56.0,33.3
7,100,50,Cerrado aberto,Savanna grassland,1 - 2 years,more 10 fire_count,-7°18′13.69″S,-47°2′31.22″W,Manhã,5,2,4554,6,11,21,06/11/21,09:42:28, 6061,24701,18640,0.755,1.538,3.075,0.659,3.114,35.3,29.2,31.0,34.5,46.5,33.4
7,100,50,Cerrado aberto,Savanna grassland,1 - 2 years,more 10 fire_count,-7°18′13.69″S,-47°2′31.22″W,Manhã,5,2,4554,6,11,21,06/11/21,09:42:40, 5310,22220,16910,0.761,1.375,3.185,0.636,2.787,35.3,29.2,31.0,34.5,46.5,33.4
7,100,50,Cerrado aberto,Savanna grassland,1 - 2 years,more 10 fire_count,-7°18′13.69″S,-47°2′31.22″W,Manhã,5,2,4554,6,11,21,06/11/21,09:42:52, 5048,22253,17205,0.773,1.595,3.408,0.688,3.739,35.3,29.2,31.0,34.5,46.5,33.4
7,100,50,Cerrado aberto,Savanna grassland,1 - 2 years,more 10 fire_count,-7°18′13.69″S,-47°2′31.22″W,Manhã,5,2,4554,6,11,21,06/11/21,09:43:02, 5773,24167,18394,0.761,1.331,3.186,0.613,2.599,35.3,29.2,31.0,34.5,46.5,33.4
7,100,50,Cerrado aberto,Savanna grassland,1 - 2 years,more 10 fire_count,-7°18′13.69″S,-47°2′31.22″W,Manhã,5,2,4554,6,11,21,06/11/21,09:43:14, 5809,25419,19610,0.771,1.573,3.376,0.650,3.453,35.3,29.2,31.0,34.5,46.5,33.4
7,100,50,Cerrado aberto,Savanna grassland,1 - 2 years,more 10 fire_count,-7°18′13.69″S,-47°2′31.22″W,Manhã,5,2,4554,6,11,21,06/11/21,09:43:25, 5584,23893,18309,0.766,1.559,3.279,0.660,3.373,35.3,29.2,31.0,34.5,46.5,33.4
7,100,50,Cerrado aberto,Savanna grassland,1 - 2 years,more 10 fire_count,-7°18′13.69″S,-47°2′31.22″W,Manhã,5,2,4554,6,11,21,06/11/21,09:43:35, 4248,19177,14929,0.778,1.320,3.514,0.615,2.854,35.3,29.2,31.0,34.5,46.5,33.4
7,100,50,Cerrado aberto,Savanna grassland,1 - 2 years,more 10 fire_count,-7°18′13.69″S,-47°2′31.22″W,Manhã,5,2,4554,6,11,21,06/11/21,09:43:44, 5941,25873,19932,0.770,1.516,3.355,0.696,3.540,35.3,29.2,31.0,34.5,46.5,33.4
7,100,50,Cerrado aberto,Savanna grassland,1 - 2 years,more 10 fire_count,-7°18′13.69″S,-47°2′31.22″W,Manhã,5,2,4554,6,11,21,06/11/21,09:43:53, 4467,19251,14784,0.768,1.423,3.310,0.668,3.147,35.3,29.2,31.0,34.5,46.5,33.4
7,100,50,Cerrado aberto,Savanna grassland,1 - 2 years,more 10 fire_count,-7°18′14.24″S,-47°2′30.12″W,Manhã,5,3,4555,6,11,21,06/11/21,09:46:35, 5289,22367,17078,0.764,1.534,3.229,0.669,3.316,33.7,28.7,30.4,38.0,54.5,36.4
7,100,50,Cerrado aberto,Savanna grassland,1 - 2 years,more 10 fire_count,-7°18′14.24″S,-47°2′30.12″W,Manhã,5,3,4555,6,11,21,06/11/21,09:46:45, 5983,25722,19739,0.767,1.648,3.299,0.705,3.833,33.7,28.7,30.4,38.0,54.5,36.4
7,100,50,Cerrado aberto,Savanna grassland,1 - 2 years,more 10 fire_count,-7°18′14.24″S,-47°2′30.12″W,Manhã,5,3,4555,6,11,21,06/11/21,09:46:57, 6213,26175,19962,0.763,1.487,3.213,0.644,3.077,33.7,28.7,30.4,38.0,54.5,36.4
7,100,50,Cerrado aberto,Savanna grassland,1 - 2 years,more 10 fire_count,-7°18′14.24″S,-47°2′30.12″W,Manhã,5,3,4555,6,11,21,06/11/21,09:47:09, 4441,18255,13814,0.757,1.357,3.111,0.653,2.758,33.7,28.7,30.4,38.0,54.5,36.4
7,100,50,Cerrado aberto,Savanna grassland,1 - 2 years,more 10 fire_count,-7°18′14.24″S,-47°2′30.12″W,Manhã,5,3,4555,6,11,21,06/11/21,09:47:19, 3825,15335,11510,0.751,1.371,3.009,0.631,2.606,33.7,28.7,30.4,38.0,54.5,36.4
7,100,50,Cerrado aberto,Savanna grassland,1 - 2 years,more 10 fire_count,-7°18′14.24″S,-47°2′30.12″W,Manhã,5,3,4555,6,11,21,06/11/21,09:47:30, 5826,23546,17720,0.753,1.470,3.042,0.677,3.028,33.7,28.7,30.4,38.0,54.5,36.4
7,100,50,Cerrado aberto,Savanna grassland,1 - 2 years,more 10 fire_count,-7°18′14.24″S,-47°2′30.12″W,Manhã,5,3,4555,6,11,21,06/11/21,09:47:40, 4253,17503,13250,0.757,1.524,3.115,0.670,3.184,33.7,28.7,30.4,38.0,54.5,36.4
7,100,50,Cerrado aberto,Savanna grassland,1 - 2 years,more 10 fire_count,-7°18′14.24″S,-47°2′30.12″W,Manhã,5,3,4555,6,11,21,06/11/21,09:47:51, 4559,18356,13797,0.752,1.294,3.026,0.646,2.530,33.7,28.7,30.4,38.0,54.5,36.4
6,200,50,Cerrado denso,Savanna shrub,3 - 4 years,more 10 fire_count,-7°17′17.85″S,-47°2′23.82″W,Manhã,6,1,4556,6,11,21,06/11/21,10:46:27, 5582,20180,14598,0.723,1.283,2.615,0.646,2.169,53.0,35.3,39.7,54.0,47.5,36.4
6,200,50,Cerrado denso,Savanna shrub,3 - 4 years,more 10 fire_count,-7°17′17.85″S,-47°2′23.82″W,Manhã,6,1,4556,6,11,21,06/11/21,10:47:00, 5517,18003,12486,0.694,0.854,2.263,0.587,1.135,53.0,35.3,39.7,54.0,47.5,36.4
6,200,50,Cerrado denso,Savanna shrub,3 - 4 years,more 10 fire_count,-7°17′17.85″S,-47°2′23.82″W,Manhã,6,1,4556,6,11,21,06/11/21,10:47:29, 6361,15179,8818,0.581,0.679,1.386,0.714,0.672,53.0,35.3,39.7,54.0,47.5,36.4
6,200,50,Cerrado denso,Savanna shrub,3 - 4 years,more 10 fire_count,-7°17′17.85″S,-47°2′23.82″W,Manhã,6,1,4556,6,11,21,06/11/21,10:48:03, 3829,10723,6894,0.643,0.840,1.800,0.648,0.980,53.0,35.3,39.7,54.0,47.5,36.4
6,200,50,Cerrado denso,Savanna shrub,3 - 4 years,more 10 fire_count,-7°17′17.85″S,-47°2′23.82″W,Manhã,6,1,4556,6,11,21,06/11/21,10:48:29, 5729,16392,10663,0.651,0.842,1.861,0.626,0.981,53.0,35.3,39.7,54.0,47.5,36.4
6,200,50,Cerrado denso,Savanna shrub,3 - 4 years,more 10 fire_count,-7°17′17.85″S,-47°2′23.82″W,Manhã,6,1,4556,6,11,21,06/11/21,10:48:46, 8029,9446,1417,0.150,0.045,0.176,0.111,0.001,53.0,35.3,39.7,54.0,47.5,36.4
6,200,50,Cerrado denso,Savanna shrub,3 - 4 years,more 10 fire_count,-7°17′17.85″S,-47°2′23.82″W,Manhã,6,1,4556,6,11,21,06/11/21,10:49:13, 5959,16530,10571,0.640,0.730,1.774,0.639,0.827,53.0,35.3,39.7,54.0,47.5,36.4
6,200,50,Cerrado denso,Savanna shrub,3 - 4 years,more 10 fire_count,-7°17′17.85″S,-47°2′23.82″W,Manhã,6,1,4556,6,11,21,06/11/21,10:49:31, 4638,12464,7826,0.628,0.955,1.687,0.695,1.121,53.0,35.3,39.7,54.0,47.5,36.4
6,200,50,Cerrado denso,Savanna shrub,3 - 4 years,more 10 fire_count,-7°17′17.58″S,-47°2′21.80″W,Manhã,6,2,4557,6,11,21,06/11/21,10:53:02, 6329,22588,16259,0.720,1.121,2.569,0.705,2.030,47.0,35.5,38.9,60.0,42.5,33.9
6,200,50,Cerrado denso,Savanna shrub,3 - 4 years,more 10 fire_count,-7°17′17.58″S,-47°2′21.80″W,Manhã,6,2,4557,6,11,21,06/11/21,10:53:25, 6472,23623,17151,0.726,1.583,2.650,0.763,3.202,47.0,35.5,38.9,60.0,42.5,33.9
6,200,50,Cerrado denso,Savanna shrub,3 - 4 years,more 10 fire_count,-7°17′17.58″S,-47°2′21.80″W,Manhã,6,2,4557,6,11,21,06/11/21,10:53:48, 5627,15641,10014,0.640,0.958,1.780,0.734,1.252,47.0,35.5,38.9,60.0,42.5,33.9
6,200,50,Cerrado denso,Savanna shrub,3 - 4 years,more 10 fire_count,-7°17′17.58″S,-47°2′21.80″W,Manhã,6,2,4557,6,11,21,06/11/21,10:54:01, 5898,18512,12614,0.681,1.265,2.139,0.753,2.037,47.0,35.5,38.9,60.0,42.5,33.9
6,200,50,Cerrado denso,Savanna shrub,3 - 4 years,more 10 fire_count,-7°17′17.58″S,-47°2′21.80″W,Manhã,6,2,4557,6,11,21,06/11/21,10:54:22, 7122,20936,13814,0.660,0.966,1.940,0.669,1.254,47.0,35.5,38.9,60.0,42.5,33.9
6,200,50,Cerrado denso,Savanna shrub,3 - 4 years,more 10 fire_count,-7°17′17.58″S,-47°2′21.80″W,Manhã,6,2,4557,6,11,21,06/11/21,10:54:38, 5806,20689,14883,0.719,1.514,2.563,0.759,2.945,47.0,35.5,38.9,60.0,42.5,33.9
6,200,50,Cerrado denso,Savanna shrub,3 - 4 years,more 10 fire_count,-7°17′17.58″S,-47°2′21.80″W,Manhã,6,2,4557,6,11,21,06/11/21,10:55:02, 5052,15464,10412,0.673,0.966,2.061,0.622,1.239,47.0,35.5,38.9,60.0,42.5,33.9
6,200,50,Cerrado denso,Savanna shrub,3 - 4 years,more 10 fire_count,-7°17′17.58″S,-47°2′21.80″W,Manhã,6,2,4557,6,11,21,06/11/21,10:55:23, 5007,15195,10188,0.670,0.881,2.035,0.604,1.083,47.0,35.5,38.9,60.0,42.5,33.9
6,200,50,Cerrado denso,Savanna shrub,3 - 4 years,more 10 fire_count,-7°17′19.04″S,-47°2′22.75″W,Manhã,6,3,4558,6,11,21,06/11/21,10:58:05, 3814,12720,8906,0.700,1.048,2.335,0.591,1.448,45.7,34.8,37.7,38.5,48.5,35.3
6,200,50,Cerrado denso,Savanna shrub,3 - 4 years,more 10 fire_count,-7°17′19.04″S,-47°2′22.75″W,Manhã,6,3,4558,6,11,21,06/11/21,10:58:21, 5366,19328,13962,0.722,1.417,2.602,0.679,2.503,45.7,34.8,37.7,38.5,48.5,35.3
6,200,50,Cerrado denso,Savanna shrub,3 - 4 years,more 10 fire_count,-7°17′19.04″S,-47°2′22.75″W,Manhã,6,3,4558,6,11,21,06/11/21,10:58:40, 3472,10876,7404,0.681,1.168,2.132,0.634,1.579,45.7,34.8,37.7,38.5,48.5,35.3
6,200,50,Cerrado denso,Savanna shrub,3 - 4 years,more 10 fire_count,-7°17′19.04″S,-47°2′22.75″W,Manhã,6,3,4558,6,11,21,06/11/21,10:58:58, 5084,13349,8265,0.619,0.631,1.626,0.595,0.610,45.7,34.8,37.7,38.5,48.5,35.3
6,200,50,Cerrado denso,Savanna shrub,3 - 4 years,more 10 fire_count,-7°17′19.04″S,-47°2′22.75″W,Manhã,6,3,4558,6,11,21,06/11/21,10:59:15, 1995,5913,3918,0.663,1.135,1.964,0.639,1.425,45.7,34.8,37.7,38.5,48.5,35.3
6,200,50,Cerrado denso,Savanna shrub,3 - 4 years,more 10 fire_count,-7°17′19.04″S,-47°2′22.75″W,Manhã,6,3,4558,6,11,21,06/11/21,10:59:35, 8035,9752,1717,0.176,0.066,0.214,0.283,0.004,45.7,34.8,37.7,38.5,48.5,35.3
6,200,50,Cerrado denso,Savanna shrub,3 - 4 years,more 10 fire_count,-7°17′19.04″S,-47°2′22.75″W,Manhã,6,3,4558,6,11,21,06/11/21,10:59:55, 5919,18713,12794,0.684,0.954,2.162,0.610,1.258,45.7,34.8,37.7,38.5,48.5,35.3
6,200,50,Cerrado denso,Savanna shrub,3 - 4 years,more 10 fire_count,-7°17′19.04″S,-47°2′22.75″W,Manhã,6,3,4558,6,11,21,06/11/21,11:00:15, 6139,24331,18192,0.748,1.132,2.963,0.577,1.936,45.7,34.8,37.7,38.5,48.5,35.3
7,300,50,Cerrado aberto,Savanna grassland,6 - 7 years,more 10 fire_count,-7°17′15.21″S,-47°2′29.33″W,Manhã,7,1,4559,6,11,21,06/11/21,11:48:37, 6966,22622,15656,0.692,0.933,2.247,0.678,1.422,52.1,38.7,42.3,57.5,52.5,37.8
7,300,50,Cerrado aberto,Savanna grassland,6 - 7 years,more 10 fire_count,-7°17′15.21″S,-47°2′29.33″W,Manhã,7,1,4559,6,11,21,06/11/21,11:48:48, 4579,13527,8948,0.661,0.926,1.954,0.691,1.250,52.1,38.7,42.3,57.5,52.5,37.8
7,300,50,Cerrado aberto,Savanna grassland,6 - 7 years,more 10 fire_count,-7°17′15.21″S,-47°2′29.33″W,Manhã,7,1,4559,6,11,21,06/11/21,11:49:00, 7537,28824,21287,0.739,1.398,2.824,0.743,2.935,52.1,38.7,42.3,57.5,52.5,37.8
7,300,50,Cerrado aberto,Savanna grassland,6 - 7 years,more 10 fire_count,-7°17′15.21″S,-47°2′29.33″W,Manhã,7,1,4559,6,11,21,06/11/21,11:49:14, 6766,25144,18378,0.731,1.092,2.716,0.619,1.836,52.1,38.7,42.3,57.5,52.5,37.8
7,300,50,Cerrado aberto,Savanna grassland,6 - 7 years,more 10 fire_count,-7°17′15.21″S,-47°2′29.33″W,Manhã,7,1,4559,6,11,21,06/11/21,11:49:23, 6553,20375,13822,0.678,0.749,2.109,0.669,1.058,52.1,38.7,42.3,57.5,52.5,37.8
7,300,50,Cerrado aberto,Savanna grassland,6 - 7 years,more 10 fire_count,-7°17′15.21″S,-47°2′29.33″W,Manhã,7,1,4559,6,11,21,06/11/21,11:49:36, 5922,22269,16347,0.734,0.919,2.760,0.601,1.523,52.1,38.7,42.3,57.5,52.5,37.8
7,300,50,Cerrado aberto,Savanna grassland,6 - 7 years,more 10 fire_count,-7°17′15.21″S,-47°2′29.33″W,Manhã,7,1,4559,6,11,21,06/11/21,11:49:49, 4107,14891,10784,0.724,1.188,2.626,0.622,1.942,52.1,38.7,42.3,57.5,52.5,37.8
7,300,50,Cerrado aberto,Savanna grassland,6 - 7 years,more 10 fire_count,-7°17′15.21″S,-47°2′29.33″W,Manhã,7,1,4559,6,11,21,06/11/21,11:50:13, 4886,16987,12101,0.712,1.098,2.477,0.712,1.938,52.1,38.7,42.3,57.5,52.5,37.8
7,300,50,Cerrado aberto,Savanna grassland,6 - 7 years,more 10 fire_count,-7°17′15.43″S,-47°2′30.91″W,Manhã,7,2,4560,6,11,21,06/11/21,11:51:50, 6581,22761,16180,0.711,0.996,2.459,0.630,1.543,51.9,35.3,39.7,44.0,52.5,37.4
7,300,50,Cerrado aberto,Savanna grassland,6 - 7 years,more 10 fire_count,-7°17′15.43″S,-47°2′30.91″W,Manhã,7,2,4560,6,11,21,06/11/21,11:52:00, 7781,29458,21677,0.736,1.194,2.786,0.637,2.117,51.9,35.3,39.7,44.0,52.5,37.4
7,300,50,Cerrado aberto,Savanna grassland,6 - 7 years,more 10 fire_count,-7°17′15.43″S,-47°2′30.91″W,Manhã,7,2,4560,6,11,21,06/11/21,11:52:10, 6682,11726,5044,0.430,0.279,0.755,0.625,0.132,51.9,35.3,39.7,44.0,52.5,37.4
7,300,50,Cerrado aberto,Savanna grassland,6 - 7 years,more 10 fire_count,-7°17′15.43″S,-47°2′30.91″W,Manhã,7,2,4560,6,11,21,06/11/21,11:52:20, 7711,27735,20024,0.722,1.044,2.597,0.628,1.704,51.9,35.3,39.7,44.0,52.5,37.4
7,300,50,Cerrado aberto,Savanna grassland,6 - 7 years,more 10 fire_count,-7°17′15.43″S,-47°2′30.91″W,Manhã,7,2,4560,6,11,21,06/11/21,11:52:36, 6880,25439,18559,0.730,1.147,2.698,0.631,1.951,51.9,35.3,39.7,44.0,52.5,37.4
7,300,50,Cerrado aberto,Savanna grassland,6 - 7 years,more 10 fire_count,-7°17′15.43″S,-47°2′30.91″W,Manhã,7,2,4560,6,11,21,06/11/21,11:52:44, 6091,21894,15803,0.722,0.896,2.594,0.538,1.252,51.9,35.3,39.7,44.0,52.5,37.4
7,300,50,Cerrado aberto,Savanna grassland,6 - 7 years,more 10 fire_count,-7°17′15.43″S,-47°2′30.91″W,Manhã,7,2,4560,6,11,21,06/11/21,11:52:54, 6664,25324,18660,0.737,1.380,2.800,0.725,2.802,51.9,35.3,39.7,44.0,52.5,37.4
7,300,50,Cerrado aberto,Savanna grassland,6 - 7 years,more 10 fire_count,-7°17′15.43″S,-47°2′30.91″W,Manhã,7,2,4560,6,11,21,06/11/21,11:53:06, 4927,18458,13531,0.733,1.175,2.746,0.658,2.122,51.9,35.3,39.7,44.0,52.5,37.4
7,300,50,Cerrado aberto,Savanna grassland,6 - 7 years,more 10 fire_count,-7°17′16.44″S,-47°2′29.68″W,Manhã,7,3,4561,6,11,21,06/11/21,11:54:51, 6330,23561,17231,0.731,1.594,2.722,0.722,3.136,46.0,31.3,35.3,40.0,52.0,41.3
7,300,50,Cerrado aberto,Savanna grassland,6 - 7 years,more 10 fire_count,-7°17′16.44″S,-47°2′29.68″W,Manhã,7,3,4561,6,11,21,06/11/21,11:54:59, 6515,22954,16439,0.716,0.891,2.523,0.579,1.301,46.0,31.3,35.3,40.0,52.0,41.3
7,300,50,Cerrado aberto,Savanna grassland,6 - 7 years,more 10 fire_count,-7°17′16.44″S,-47°2′29.68″W,Manhã,7,3,4561,6,11,21,06/11/21,11:55:09, 6483,26369,19886,0.754,1.191,3.067,0.630,2.302,46.0,31.3,35.3,40.0,52.0,41.3
7,300,50,Cerrado aberto,Savanna grassland,6 - 7 years,more 10 fire_count,-7°17′16.44″S,-47°2′29.68″W,Manhã,7,3,4561,6,11,21,06/11/21,11:55:19, 7271,26487,19216,0.725,1.325,2.643,0.669,2.343,46.0,31.3,35.3,40.0,52.0,41.3
7,300,50,Cerrado aberto,Savanna grassland,6 - 7 years,more 10 fire_count,-7°17′16.44″S,-47°2′29.68″W,Manhã,7,3,4561,6,11,21,06/11/21,11:55:30, 6478,23269,16791,0.722,1.133,2.592,0.681,2.002,46.0,31.3,35.3,40.0,52.0,41.3
7,300,50,Cerrado aberto,Savanna grassland,6 - 7 years,more 10 fire_count,-7°17′16.44″S,-47°2′29.68″W,Manhã,7,3,4561,6,11,21,06/11/21,11:55:39, 6957,25204,18247,0.724,1.151,2.623,0.681,2.055,46.0,31.3,35.3,40.0,52.0,41.3
7,300,50,Cerrado aberto,Savanna grassland,6 - 7 years,more 10 fire_count,-7°17′16.44″S,-47°2′29.68″W,Manhã,7,3,4561,6,11,21,06/11/21,11:55:54, 4799,14632,9833,0.672,0.900,2.049,0.644,1.188,46.0,31.3,35.3,40.0,52.0,41.3
7,300,50,Cerrado aberto,Savanna grassland,6 - 7 years,more 10 fire_count,-7°17′16.44″S,-47°2′29.68″W,Manhã,7,3,4561,6,11,21,06/11/21,11:56:12, 7568,27875,20307,0.729,1.258,2.683,0.726,2.451,46.0,31.3,35.3,40.0,52.0,41.3
6,300,40,Cerrado denso,Savanna shrub,6 - 7 years,8 - 10 fire_count,-7°16′27.63″S,-47°2′11.77″W,Tarde,8,1,4562,6,11,21,06/11/21,15:27:59, 4521,22252,17731,0.797,1.431,3.922,0.592,3.322,24.9,23.2,24.2,81.0,46.0,28.0
6,300,40,Cerrado denso,Savanna shrub,6 - 7 years,8 - 10 fire_count,-7°16′27.63″S,-47°2′11.77″W,Tarde,8,1,4562,6,11,21,06/11/21,15:28:15, 3606,18429,14823,0.804,1.292,4.111,0.563,2.991,24.9,23.2,24.2,81.0,46.0,28.0
6,300,40,Cerrado denso,Savanna shrub,6 - 7 years,8 - 10 fire_count,-7°16′27.63″S,-47°2′11.77″W,Tarde,8,1,4562,6,11,21,06/11/21,15:28:30, 3731,17673,13942,0.789,1.340,3.737,0.569,2.849,24.9,23.2,24.2,81.0,46.0,28.0
6,300,40,Cerrado denso,Savanna shrub,6 - 7 years,8 - 10 fire_count,-7°16′27.63″S,-47°2′11.77″W,Tarde,8,1,4562,6,11,21,06/11/21,15:28:50, 3981,20376,16395,0.805,1.796,4.118,0.613,4.534,24.9,23.2,24.2,81.0,46.0,28.0
6,300,40,Cerrado denso,Savanna shrub,6 - 7 years,8 - 10 fire_count,-7°16′27.63″S,-47°2′11.77″W,Tarde,8,1,4562,6,11,21,06/11/21,15:29:07, 3921,18671,14750,0.790,0.900,3.762,0.505,1.710,24.9,23.2,24.2,81.0,46.0,28.0
6,300,40,Cerrado denso,Savanna shrub,6 - 7 years,8 - 10 fire_count,-7°16′27.63″S,-47°2′11.77″W,Tarde,8,1,4562,6,11,21,06/11/21,15:29:25, 4303,20656,16353,0.792,1.088,3.800,0.531,2.194,24.9,23.2,24.2,81.0,46.0,28.0
6,300,40,Cerrado denso,Savanna shrub,6 - 7 years,8 - 10 fire_count,-7°16′27.63″S,-47°2′11.77″W,Tarde,8,1,4562,6,11,21,06/11/21,15:29:39, 3597,16481,12884,0.782,1.301,3.582,0.560,2.610,24.9,23.2,24.2,81.0,46.0,28.0
6,300,40,Cerrado denso,Savanna shrub,6 - 7 years,8 - 10 fire_count,-7°16′27.63″S,-47°2′11.77″W,Tarde,8,1,4562,6,11,21,06/11/21,15:29:57, 5382,26125,20743,0.794,1.532,3.854,0.597,3.525,24.9,23.2,24.2,81.0,46.0,28.0
6,100,40,Cerrado denso,Savanna shrub,1 - 2 years,8 - 10 fire_count,-7°16′29.05″S,-47°2′13.42″W,Tarde,8,2,4563,6,11,21,06/11/21,15:30:42, 4537,21833,17296,0.792,1.417,3.812,0.585,3.159,24.9,23.5,24.3,31.0,41.0,29.4
6,100,40,Cerrado denso,Savanna shrub,1 - 2 years,8 - 10 fire_count,-7°16′29.05″S,-47°2′13.42″W,Tarde,8,2,4563,6,11,21,06/11/21,15:30:56, 4422,20578,16156,0.785,1.451,3.654,0.654,3.468,24.9,23.5,24.3,31.0,41.0,29.4
6,100,40,Cerrado denso,Savanna shrub,1 - 2 years,8 - 10 fire_count,-7°16′29.05″S,-47°2′13.42″W,Tarde,8,2,4563,6,11,21,06/11/21,15:31:06, 4870,22584,17714,0.784,1.708,3.637,0.645,4.005,24.9,23.5,24.3,31.0,41.0,29.4
6,100,40,Cerrado denso,Savanna shrub,1 - 2 years,8 - 10 fire_count,-7°16′29.05″S,-47°2′13.42″W,Tarde,8,2,4563,6,11,21,06/11/21,15:31:18, 4130,16582,12452,0.751,1.174,3.015,0.607,2.148,24.9,23.5,24.3,31.0,41.0,29.4
6,100,40,Cerrado denso,Savanna shrub,1 - 2 years,8 - 10 fire_count,-7°16′29.05″S,-47°2′13.42″W,Tarde,8,2,4563,6,11,21,06/11/21,15:31:34, 5428,25608,20180,0.788,1.559,3.718,0.644,3.734,24.9,23.5,24.3,31.0,41.0,29.4
6,100,40,Cerrado denso,Savanna shrub,1 - 2 years,8 - 10 fire_count,-7°16′29.05″S,-47°2′13.42″W,Tarde,8,2,4563,6,11,21,06/11/21,15:31:46, 4094,19406,15312,0.789,1.543,3.740,0.604,3.486,24.9,23.5,24.3,31.0,41.0,29.4
6,100,40,Cerrado denso,Savanna shrub,1 - 2 years,8 - 10 fire_count,-7°16′29.05″S,-47°2′13.42″W,Tarde,8,2,4563,6,11,21,06/11/21,15:32:01, 3616,16356,12740,0.779,1.403,3.523,0.587,2.904,24.9,23.5,24.3,31.0,41.0,29.4
6,100,40,Cerrado denso,Savanna shrub,1 - 2 years,8 - 10 fire_count,-7°16′29.05″S,-47°2′13.42″W,Tarde,8,2,4563,6,11,21,06/11/21,15:32:12, 5140,23757,18617,0.784,1.753,3.622,0.673,4.273,24.9,23.5,24.3,31.0,41.0,29.4
6,100,40,Cerrado denso,Savanna shrub,1 - 2 years,8 - 10 fire_count,-7°16′29.74″S,-47°2′13.01″W,Tarde,8,3,4564,6,11,21,06/11/21,15:33:07, 2990,14513,11523,0.794,1.780,3.854,0.652,4.474,24.5,23.2,23.8,67.5,47.5,33.0
6,100,40,Cerrado denso,Savanna shrub,1 - 2 years,8 - 10 fire_count,-7°16′29.74″S,-47°2′13.01″W,Tarde,8,3,4564,6,11,21,06/11/21,15:33:25, 3388,16879,13491,0.799,1.266,3.982,0.565,2.847,24.5,23.2,23.8,67.5,47.5,33.0
6,100,40,Cerrado denso,Savanna shrub,1 - 2 years,8 - 10 fire_count,-7°16′29.74″S,-47°2′13.01″W,Tarde,8,3,4564,6,11,21,06/11/21,15:33:39, 3990,16231,12241,0.754,1.117,3.068,0.521,1.787,24.5,23.2,23.8,67.5,47.5,33.0
6,100,40,Cerrado denso,Savanna shrub,1 - 2 years,8 - 10 fire_count,-7°16′29.74″S,-47°2′13.01″W,Tarde,8,3,4564,6,11,21,06/11/21,15:33:59, 5452,24730,19278,0.780,1.271,3.536,0.540,2.427,24.5,23.2,23.8,67.5,47.5,33.0
6,100,40,Cerrado denso,Savanna shrub,1 - 2 years,8 - 10 fire_count,-7°16′29.74″S,-47°2′13.01″W,Tarde,8,3,4564,6,11,21,06/11/21,15:34:14, 3970,18470,14500,0.785,1.690,3.652,0.673,4.152,24.5,23.2,23.8,67.5,47.5,33.0
6,100,40,Cerrado denso,Savanna shrub,1 - 2 years,8 - 10 fire_count,-7°16′29.74″S,-47°2′13.01″W,Tarde,8,3,4564,6,11,21,06/11/21,15:34:28, 4735,22031,17296,0.785,1.585,3.653,0.655,3.789,24.5,23.2,23.8,67.5,47.5,33.0
6,100,40,Cerrado denso,Savanna shrub,1 - 2 years,8 - 10 fire_count,-7°16′29.74″S,-47°2′13.01″W,Tarde,8,3,4564,6,11,21,06/11/21,15:34:43, 3607,17789,14182,0.797,2.022,3.932,0.630,5.010,24.5,23.2,23.8,67.5,47.5,33.0
6,100,40,Cerrado denso,Savanna shrub,1 - 2 years,8 - 10 fire_count,-7°16′29.74″S,-47°2′13.01″W,Tarde,8,3,4564,6,11,21,06/11/21,15:34:58, 4196,18804,14608,0.777,1.137,3.481,0.555,2.195,24.5,23.2,23.8,67.5,47.5,33.0
6,200,50,Cerrado denso,Savanna shrub,3 - 4 years,more 10 fire_count,-7°16′18.64″S,-47°1′45.39″W,Tarde,9,1,4565,6,11,21,06/11/21,16:25:40, 5434,26424,20990,0.794,1.662,3.863,0.626,4.018,27.1,25.6,26.2,44.5,44.5,31.2
6,200,50,Cerrado denso,Savanna shrub,3 - 4 years,more 10 fire_count,-7°16′18.64″S,-47°1′45.39″W,Tarde,9,1,4565,6,11,21,06/11/21,16:26:02, 5534,24495,18961,0.774,1.216,3.426,0.592,2.468,27.1,25.6,26.2,44.5,44.5,31.2
6,200,50,Cerrado denso,Savanna shrub,3 - 4 years,more 10 fire_count,-7°16′18.64″S,-47°1′45.39″W,Tarde,9,1,4565,6,11,21,06/11/21,16:26:15, 4199,20121,15922,0.791,1.212,3.792,0.562,2.581,27.1,25.6,26.2,44.5,44.5,31.2
6,200,50,Cerrado denso,Savanna shrub,3 - 4 years,more 10 fire_count,-7°16′18.64″S,-47°1′45.39″W,Tarde,9,1,4565,6,11,21,06/11/21,16:26:28, 4957,21580,16623,0.770,1.086,3.353,0.537,1.956,27.1,25.6,26.2,44.5,44.5,31.2
6,200,50,Cerrado denso,Savanna shrub,3 - 4 years,more 10 fire_count,-7°16′18.64″S,-47°1′45.39″W,Tarde,9,1,4565,6,11,21,06/11/21,16:26:41, 5792,24473,18681,0.763,1.422,3.225,0.645,2.960,27.1,25.6,26.2,44.5,44.5,31.2
6,200,50,Cerrado denso,Savanna shrub,3 - 4 years,more 10 fire_count,-7°16′18.64″S,-47°1′45.39″W,Tarde,9,1,4565,6,11,21,06/11/21,16:26:57, 5012,22137,17125,0.774,1.731,3.417,0.662,3.917,27.1,25.6,26.2,44.5,44.5,31.2
6,200,50,Cerrado denso,Savanna shrub,3 - 4 years,more 10 fire_count,-7°16′18.64″S,-47°1′45.39″W,Tarde,9,1,4565,6,11,21,06/11/21,16:27:09, 4447,22033,17586,0.798,1.264,3.955,0.571,2.853,27.1,25.6,26.2,44.5,44.5,31.2
6,200,50,Cerrado denso,Savanna shrub,3 - 4 years,more 10 fire_count,-7°16′18.64″S,-47°1′45.39″W,Tarde,9,1,4565,6,11,21,06/11/21,16:27:22, 4395,19224,14829,0.771,1.471,3.374,0.631,3.134,27.1,25.6,26.2,44.5,44.5,31.2
6,200,50,Cerrado denso,Savanna shrub,3 - 4 years,more 10 fire_count,-7°16′18.96″S,-47°1′46.37″W,Tarde,9,2,4566,6,11,21,06/11/21,16:28:44, 5534,25323,19789,0.781,1.734,3.576,0.631,3.913,25.4,24.4,24.9,63.5,48.5,30.6
6,200,50,Cerrado denso,Savanna shrub,3 - 4 years,more 10 fire_count,-7°16′18.96″S,-47°1′46.37″W,Tarde,9,2,4566,6,11,21,06/11/21,16:28:55, 5055,22114,17059,0.771,1.696,3.375,0.648,3.706,25.4,24.4,24.9,63.5,48.5,30.6
6,200,50,Cerrado denso,Savanna shrub,3 - 4 years,more 10 fire_count,-7°16′18.96″S,-47°1′46.37″W,Tarde,9,2,4566,6,11,21,06/11/21,16:29:04, 3117,13473,10356,0.769,1.157,3.322,0.596,2.292,25.4,24.4,24.9,63.5,48.5,30.6
6,200,50,Cerrado denso,Savanna shrub,3 - 4 years,more 10 fire_count,-7°16′18.96″S,-47°1′46.37″W,Tarde,9,2,4566,6,11,21,06/11/21,16:29:13, 4773,21925,17152,0.782,1.594,3.594,0.632,3.622,25.4,24.4,24.9,63.5,48.5,30.6
6,200,50,Cerrado denso,Savanna shrub,3 - 4 years,more 10 fire_count,-7°16′18.96″S,-47°1′46.37″W,Tarde,9,2,4566,6,11,21,06/11/21,16:29:23, 4439,20971,16532,0.788,1.749,3.724,0.674,4.388,25.4,24.4,24.9,63.5,48.5,30.6
6,200,50,Cerrado denso,Savanna shrub,3 - 4 years,more 10 fire_count,-7°16′18.96″S,-47°1′46.37″W,Tarde,9,2,4566,6,11,21,06/11/21,16:29:35, 5102,23689,18587,0.785,1.387,3.643,0.608,3.071,25.4,24.4,24.9,63.5,48.5,30.6
6,200,50,Cerrado denso,Savanna shrub,3 - 4 years,more 10 fire_count,-7°16′18.96″S,-47°1′46.37″W,Tarde,9,2,4566,6,11,21,06/11/21,16:29:45, 5124,24565,19441,0.791,1.815,3.794,0.649,4.471,25.4,24.4,24.9,63.5,48.5,30.6
6,200,50,Cerrado denso,Savanna shrub,3 - 4 years,more 10 fire_count,-7°16′18.96″S,-47°1′46.37″W,Tarde,9,2,4566,6,11,21,06/11/21,16:29:58, 3456,15498,12042,0.777,1.431,3.484,0.595,2.968,25.4,24.4,24.9,63.5,48.5,30.6
6,200,50,Cerrado denso,Savanna shrub,3 - 4 years,more 10 fire_count,-7°16′19.77″S,-47°1′45.55″W,Tarde,9,3,4567,6,11,21,06/11/21,16:32:38, 4557,22003,17446,0.793,1.556,3.828,0.641,3.816,25.6,24.3,25.1,66.0,45.0,30.0
6,200,50,Cerrado denso,Savanna shrub,3 - 4 years,more 10 fire_count,-7°16′19.77″S,-47°1′45.55″W,Tarde,9,3,4567,6,11,21,06/11/21,16:32:51, 3844,18008,14164,0.787,1.407,3.685,0.603,3.124,25.6,24.3,25.1,66.0,45.0,30.0
6,200,50,Cerrado denso,Savanna shrub,3 - 4 years,more 10 fire_count,-7°16′19.77″S,-47°1′45.55″W,Tarde,9,3,4567,6,11,21,06/11/21,16:33:01, 4811,23131,18320,0.792,1.972,3.808,0.675,5.069,25.6,24.3,25.1,66.0,45.0,30.0
6,200,50,Cerrado denso,Savanna shrub,3 - 4 years,more 10 fire_count,-7°16′19.77″S,-47°1′45.55″W,Tarde,9,3,4567,6,11,21,06/11/21,16:33:14, 4127,19424,15297,0.788,1.716,3.707,0.633,4.027,25.6,24.3,25.1,66.0,45.0,30.0
6,200,50,Cerrado denso,Savanna shrub,3 - 4 years,more 10 fire_count,-7°16′19.77″S,-47°1′45.55″W,Tarde,9,3,4567,6,11,21,06/11/21,16:33:25, 4954,22750,17796,0.782,1.466,3.592,0.614,3.231,25.6,24.3,25.1,66.0,45.0,30.0
6,200,50,Cerrado denso,Savanna shrub,3 - 4 years,more 10 fire_count,-7°16′19.77″S,-47°1′45.55″W,Tarde,9,3,4567,6,11,21,06/11/21,16:33:36, 3267,15003,11736,0.782,2.117,3.592,0.708,5.388,25.6,24.3,25.1,66.0,45.0,30.0
6,200,50,Cerrado denso,Savanna shrub,3 - 4 years,more 10 fire_count,-7°16′19.77″S,-47°1′45.55″W,Tarde,9,3,4567,6,11,21,06/11/21,16:33:46, 5105,23450,18345,0.782,1.335,3.594,0.629,3.018,25.6,24.3,25.1,66.0,45.0,30.0
6,200,50,Cerrado denso,Savanna shrub,3 - 4 years,more 10 fire_count,-7°16′19.77″S,-47°1′45.55″W,Tarde,9,3,4567,6,11,21,06/11/21,16:33:56, 4916,23521,18605,0.791,1.297,3.785,0.568,2.788,25.6,24.3,25.1,66.0,45.0,30.0
6,100,50,Cerrado denso,Savanna shrub,1 - 2 years,more 10 fire_count,-7°16′9.89″S,-47°1′15.48″W,Tarde,10,1,4568,6,11,21,06/11/21,17:18:12, 5832,25265,19433,0.769,1.607,3.332,0.660,3.537,26.6,24.9,25.5,79.0,63.0,28.6
6,100,50,Cerrado denso,Savanna shrub,1 - 2 years,more 10 fire_count,-7°16′9.89″S,-47°1′15.48″W,Tarde,10,1,4568,6,11,21,06/11/21,17:18:24, 5180,23477,18297,0.779,1.517,3.532,0.631,3.380,26.6,24.9,25.5,79.0,63.0,28.6
6,100,50,Cerrado denso,Savanna shrub,1 - 2 years,more 10 fire_count,-7°16′9.89″S,-47°1′15.48″W,Tarde,10,1,4568,6,11,21,06/11/21,17:18:37, 4890,21426,16536,0.772,1.222,3.382,0.597,2.467,26.6,24.9,25.5,79.0,63.0,28.6
6,100,50,Cerrado denso,Savanna shrub,1 - 2 years,more 10 fire_count,-7°16′9.89″S,-47°1′15.48″W,Tarde,10,1,4568,6,11,21,06/11/21,17:18:48, 5421,20903,15482,0.741,1.081,2.856,0.582,1.798,26.6,24.9,25.5,79.0,63.0,28.6
6,100,50,Cerrado denso,Savanna shrub,1 - 2 years,more 10 fire_count,-7°16′9.89″S,-47°1′15.48″W,Tarde,10,1,4568,6,11,21,06/11/21,17:19:01, 1422,5378,3956,0.736,1.064,2.782,0.567,1.678,26.6,24.9,25.5,79.0,63.0,28.6
6,100,50,Cerrado denso,Savanna shrub,1 - 2 years,more 10 fire_count,-7°16′9.89″S,-47°1′15.48″W,Tarde,10,1,4568,6,11,21,06/11/21,17:19:16, 4828,21625,16797,0.777,0.945,3.479,0.481,1.582,26.6,24.9,25.5,79.0,63.0,28.6
6,100,50,Cerrado denso,Savanna shrub,1 - 2 years,more 10 fire_count,-7°16′9.89″S,-47°1′15.48″W,Tarde,10,1,4568,6,11,21,06/11/21,17:19:30, 4830,22868,18038,0.789,1.224,3.735,0.561,2.566,26.6,24.9,25.5,79.0,63.0,28.6
6,100,50,Cerrado denso,Savanna shrub,1 - 2 years,more 10 fire_count,-7°16′9.89″S,-47°1′15.48″W,Tarde,10,1,4568,6,11,21,06/11/21,17:19:50, 5533,25044,19511,0.779,1.798,3.526,0.666,4.225,26.6,24.9,25.5,79.0,63.0,28.6
6,100,50,Cerrado denso,Savanna shrub,1 - 2 years,more 10 fire_count,-7°16′10.59″S,-47°1′16.12″W,Tarde,10,2,4569,6,11,21,06/11/21,17:21:06, 5574,26683,21109,0.791,1.538,3.787,0.628,3.654,26.2,24.9,25.6,88.5,58.0,31.2
6,100,50,Cerrado denso,Savanna shrub,1 - 2 years,more 10 fire_count,-7°16′10.59″S,-47°1′16.12″W,Tarde,10,2,4569,6,11,21,06/11/21,17:21:15, 4589,20296,15707,0.774,1.182,3.423,0.582,2.355,26.2,24.9,25.6,88.5,58.0,31.2
6,100,50,Cerrado denso,Savanna shrub,1 - 2 years,more 10 fire_count,-7°16′10.59″S,-47°1′16.12″W,Tarde,10,2,4569,6,11,21,06/11/21,17:21:24, 5178,23651,18473,0.781,1.754,3.568,0.660,4.131,26.2,24.9,25.6,88.5,58.0,31.2
6,100,50,Cerrado denso,Savanna shrub,1 - 2 years,more 10 fire_count,-7°16′10.59″S,-47°1′16.12″W,Tarde,10,2,4569,6,11,21,06/11/21,17:21:39, 4033,18115,14082,0.777,1.407,3.492,0.590,2.896,26.2,24.9,25.6,88.5,58.0,31.2
6,100,50,Cerrado denso,Savanna shrub,1 - 2 years,more 10 fire_count,-7°16′10.59″S,-47°1′16.12″W,Tarde,10,2,4569,6,11,21,06/11/21,17:21:47, 5550,25221,19671,0.780,1.007,3.544,0.550,1.964,26.2,24.9,25.6,88.5,58.0,31.2
6,100,50,Cerrado denso,Savanna shrub,1 - 2 years,more 10 fire_count,-7°16′10.59″S,-47°1′16.12″W,Tarde,10,2,4569,6,11,21,06/11/21,17:21:56, 5222,23593,18371,0.779,1.547,3.518,0.662,3.606,26.2,24.9,25.6,88.5,58.0,31.2
6,100,50,Cerrado denso,Savanna shrub,1 - 2 years,more 10 fire_count,-7°16′10.59″S,-47°1′16.12″W,Tarde,10,2,4569,6,11,21,06/11/21,17:22:09, 5398,23794,18396,0.773,1.419,3.408,0.651,3.147,26.2,24.9,25.6,88.5,58.0,31.2
6,100,50,Cerrado denso,Savanna shrub,1 - 2 years,more 10 fire_count,-7°16′10.59″S,-47°1′16.12″W,Tarde,10,2,4569,6,11,21,06/11/21,17:22:18, 5689,26274,20585,0.783,2.031,3.618,0.692,5.084,26.2,24.9,25.6,88.5,58.0,31.2
6,100,50,Cerrado denso,Savanna shrub,1 - 2 years,more 10 fire_count,-7°16′10.66″S,-47°1′15.05″W,Tarde,10,3,4570,6,11,21,06/11/21,17:23:37, 5177,23044,17867,0.775,1.121,3.451,0.554,2.145,25.6,24.6,24.9,92.5,59.0,30.9
6,100,50,Cerrado denso,Savanna shrub,1 - 2 years,more 10 fire_count,-7°16′10.66″S,-47°1′15.05″W,Tarde,10,3,4570,6,11,21,06/11/21,17:23:48, 4869,20261,15392,0.760,1.257,3.161,0.579,2.302,25.6,24.6,24.9,92.5,59.0,30.9
6,100,50,Cerrado denso,Savanna shrub,1 - 2 years,more 10 fire_count,-7°16′10.66″S,-47°1′15.05″W,Tarde,10,3,4570,6,11,21,06/11/21,17:24:00, 2271,10558,8287,0.785,1.442,3.649,0.617,3.246,25.6,24.6,24.9,92.5,59.0,30.9
6,100,50,Cerrado denso,Savanna shrub,1 - 2 years,more 10 fire_count,-7°16′10.66″S,-47°1′15.05″W,Tarde,10,3,4570,6,11,21,06/11/21,17:24:16, 5862,28451,22589,0.794,1.346,3.853,0.581,3.014,25.6,24.6,24.9,92.5,59.0,30.9
6,100,50,Cerrado denso,Savanna shrub,1 - 2 years,more 10 fire_count,-7°16′10.66″S,-47°1′15.05″W,Tarde,10,3,4570,6,11,21,06/11/21,17:24:27, 6602,32218,25616,0.795,1.737,3.880,0.653,4.399,25.6,24.6,24.9,92.5,59.0,30.9
6,100,50,Cerrado denso,Savanna shrub,1 - 2 years,more 10 fire_count,-7°16′10.66″S,-47°1′15.05″W,Tarde,10,3,4570,6,11,21,06/11/21,17:24:36, 5948,27886,21938,0.787,1.646,3.688,0.648,3.931,25.6,24.6,24.9,92.5,59.0,30.9
6,100,50,Cerrado denso,Savanna shrub,1 - 2 years,more 10 fire_count,-7°16′10.66″S,-47°1′15.05″W,Tarde,10,3,4570,6,11,21,06/11/21,17:24:47, 5460,23928,18468,0.772,1.280,3.382,0.624,2.700,25.6,24.6,24.9,92.5,59.0,30.9
6,100,50,Cerrado denso,Savanna shrub,1 - 2 years,more 10 fire_count,-7°16′10.66″S,-47°1′15.05″W,Tarde,10,3,4570,6,11,21,06/11/21,17:25:00, 5038,24466,19428,0.794,1.617,3.856,0.603,3.759,25.6,24.6,24.9,92.5,59.0,30.9
8,200,40,Cerrado rupestre,Rocky outcrops savanna,3 - 4 years,8 - 10 fire_count,-7°19′30.19″S,-47°3′23.83″W,Manhã,11,1,4571,7,11,21,07/11/21,07:52:53, 4587,23822,19235,0.807,1.888,4.193,0.661,5.230,25.7,24.8,25.2,55.0,43.0,30.2
8,200,40,Cerrado rupestre,Rocky outcrops savanna,3 - 4 years,8 - 10 fire_count,-7°19′30.19″S,-47°3′23.83″W,Manhã,11,1,4571,7,11,21,07/11/21,07:53:02, 4440,22557,18117,0.803,1.784,4.080,0.639,4.654,25.7,24.8,25.2,55.0,43.0,30.2
8,200,40,Cerrado rupestre,Rocky outcrops savanna,3 - 4 years,8 - 10 fire_count,-7°19′30.19″S,-47°3′23.83″W,Manhã,11,1,4571,7,11,21,07/11/21,07:53:14, 5363,27473,22110,0.805,2.074,4.123,0.677,5.791,25.7,24.8,25.2,55.0,43.0,30.2
8,200,40,Cerrado rupestre,Rocky outcrops savanna,3 - 4 years,8 - 10 fire_count,-7°19′30.19″S,-47°3′23.83″W,Manhã,11,1,4571,7,11,21,07/11/21,07:53:26, 5387,26188,20801,0.794,2.055,3.861,0.729,5.788,25.7,24.8,25.2,55.0,43.0,30.2
8,200,40,Cerrado rupestre,Rocky outcrops savanna,3 - 4 years,8 - 10 fire_count,-7°19′30.19″S,-47°3′23.83″W,Manhã,11,1,4571,7,11,21,07/11/21,07:53:48, 4298,21547,17249,0.801,1.706,4.013,0.652,4.460,25.7,24.8,25.2,55.0,43.0,30.2
8,200,40,Cerrado rupestre,Rocky outcrops savanna,3 - 4 years,8 - 10 fire_count,-7°19′30.19″S,-47°3′23.83″W,Manhã,11,1,4571,7,11,21,07/11/21,07:53:58, 5181,23978,18797,0.784,1.926,3.628,0.702,4.905,25.7,24.8,25.2,55.0,43.0,30.2
8,200,40,Cerrado rupestre,Rocky outcrops savanna,3 - 4 years,8 - 10 fire_count,-7°19′30.19″S,-47°3′23.83″W,Manhã,11,1,4571,7,11,21,07/11/21,07:54:09, 4305,19867,15562,0.783,1.618,3.615,0.634,3.709,25.7,24.8,25.2,55.0,43.0,30.2
8,200,40,Cerrado rupestre,Rocky outcrops savanna,3 - 4 years,8 - 10 fire_count,-7°19′30.19″S,-47°3′23.83″W,Manhã,11,1,4571,7,11,21,07/11/21,07:54:19, 4655,22649,17994,0.794,2.089,3.866,0.690,5.575,25.7,24.8,25.2,55.0,43.0,30.2
8,200,40,Cerrado rupestre,Rocky outcrops savanna,3 - 4 years,8 - 10 fire_count,-7°19′31.23″S,-47°3′24.37″W,Manhã,11,2,4572,7,11,21,07/11/21,07:56:12, 3951,20511,16560,0.807,2.196,4.191,0.688,6.329,25.0,24.4,24.7,83.5,53.0,33.0
8,200,40,Cerrado rupestre,Rocky outcrops savanna,3 - 4 years,8 - 10 fire_count,-7°19′31.23″S,-47°3′24.37″W,Manhã,11,2,4572,7,11,21,07/11/21,07:56:24, 4195,20627,16432,0.797,1.980,3.917,0.689,5.340,25.0,24.4,24.7,83.5,53.0,33.0
8,200,40,Cerrado rupestre,Rocky outcrops savanna,3 - 4 years,8 - 10 fire_count,-7°19′31.23″S,-47°3′24.37″W,Manhã,11,2,4572,7,11,21,07/11/21,07:56:34, 3793,19098,15305,0.801,1.870,4.035,0.688,5.192,25.0,24.4,24.7,83.5,53.0,33.0
8,200,40,Cerrado rupestre,Rocky outcrops savanna,3 - 4 years,8 - 10 fire_count,-7°19′31.23″S,-47°3′24.37″W,Manhã,11,2,4572,7,11,21,07/11/21,07:56:44, 5321,26131,20810,0.796,2.167,3.911,0.706,5.982,25.0,24.4,24.7,83.5,53.0,33.0
8,200,40,Cerrado rupestre,Rocky outcrops savanna,3 - 4 years,8 - 10 fire_count,-7°19′31.23″S,-47°3′24.37″W,Manhã,11,2,4572,7,11,21,07/11/21,07:56:53, 4723,21959,17236,0.785,1.803,3.649,0.694,4.566,25.0,24.4,24.7,83.5,53.0,33.0
8,200,40,Cerrado rupestre,Rocky outcrops savanna,3 - 4 years,8 - 10 fire_count,-7°19′31.23″S,-47°3′24.37″W,Manhã,11,2,4572,7,11,21,07/11/21,07:57:04, 5367,25037,19670,0.786,1.937,3.665,0.687,4.873,25.0,24.4,24.7,83.5,53.0,33.0
8,200,40,Cerrado rupestre,Rocky outcrops savanna,3 - 4 years,8 - 10 fire_count,-7°19′31.23″S,-47°3′24.37″W,Manhã,11,2,4572,7,11,21,07/11/21,07:57:13, 3825,18939,15114,0.798,1.753,3.951,0.642,4.446,25.0,24.4,24.7,83.5,53.0,33.0
8,200,40,Cerrado rupestre,Rocky outcrops savanna,3 - 4 years,8 - 10 fire_count,-7°19′31.23″S,-47°3′24.37″W,Manhã,11,2,4572,7,11,21,07/11/21,07:57:22, 5474,26914,21440,0.797,1.814,3.917,0.672,4.777,25.0,24.4,24.7,83.5,53.0,33.0
8,200,30,Cerrado rupestre,Rocky outcrops savanna,3 - 4 years,5 - 7 fire_count,-7°19′31.06″S,-47°3′23.35″W,Manhã,11,3,4573,7,11,21,07/11/21,07:58:37, 4922,20765,15843,0.763,1.461,3.219,0.640,3.012,25.7,24.5,25.2,61.0,41.0,38.9
8,200,30,Cerrado rupestre,Rocky outcrops savanna,3 - 4 years,5 - 7 fire_count,-7°19′31.06″S,-47°3′23.35″W,Manhã,11,3,4573,7,11,21,07/11/21,07:58:48, 4720,23006,18286,0.795,1.114,3.874,0.527,2.273,25.7,24.5,25.2,61.0,41.0,38.9
8,200,30,Cerrado rupestre,Rocky outcrops savanna,3 - 4 years,5 - 7 fire_count,-7°19′31.06″S,-47°3′23.35″W,Manhã,11,3,4573,7,11,21,07/11/21,07:58:56, 4676,20691,16015,0.774,1.505,3.425,0.640,3.301,25.7,24.5,25.2,61.0,41.0,38.9
8,200,30,Cerrado rupestre,Rocky outcrops savanna,3 - 4 years,5 - 7 fire_count,-7°19′31.06″S,-47°3′23.35″W,Manhã,11,3,4573,7,11,21,07/11/21,07:59:08, 5996,28355,22359,0.789,1.473,3.729,0.591,3.247,25.7,24.5,25.2,61.0,41.0,38.9
8,200,30,Cerrado rupestre,Rocky outcrops savanna,3 - 4 years,5 - 7 fire_count,-7°19′31.06″S,-47°3′23.35″W,Manhã,11,3,4573,7,11,21,07/11/21,07:59:18, 4711,20924,16213,0.775,1.019,3.442,0.553,1.939,25.7,24.5,25.2,61.0,41.0,38.9
8,200,30,Cerrado rupestre,Rocky outcrops savanna,3 - 4 years,5 - 7 fire_count,-7°19′31.06″S,-47°3′23.35″W,Manhã,11,3,4573,7,11,21,07/11/21,07:59:29, 6146,28608,22462,0.785,1.170,3.655,0.550,2.350,25.7,24.5,25.2,61.0,41.0,38.9
8,200,30,Cerrado rupestre,Rocky outcrops savanna,3 - 4 years,5 - 7 fire_count,-7°19′31.06″S,-47°3′23.35″W,Manhã,11,3,4573,7,11,21,07/11/21,07:59:38, 5406,24239,18833,0.777,1.353,3.484,0.623,2.938,25.7,24.5,25.2,61.0,41.0,38.9
8,200,30,Cerrado rupestre,Rocky outcrops savanna,3 - 4 years,5 - 7 fire_count,-7°19′31.06″S,-47°3′23.35″W,Manhã,11,3,4573,7,11,21,07/11/21,07:59:51, 7112,33730,26618,0.789,1.364,3.743,0.609,3.109,25.7,24.5,25.2,61.0,41.0,38.9
7,100,50,Cerrado aberto,Savanna grassland,1 - 2 years,more 10 fire_count,-7°19′4.27″S,-47°3′18.81″W,Manhã,12,1,4574,7,11,21,07/11/21,08:47:36, 5089,25106,20017,0.797,1.667,3.933,0.675,4.426,27.2,26.4,26.8,30.5,45.5,35.1
7,100,50,Cerrado aberto,Savanna grassland,1 - 2 years,more 10 fire_count,-7°19′4.27″S,-47°3′18.81″W,Manhã,12,1,4574,7,11,21,07/11/21,08:47:45, 2463,11423,8960,0.784,2.499,3.638,0.753,6.850,27.2,26.4,26.8,30.5,45.5,35.1
7,100,50,Cerrado aberto,Savanna grassland,1 - 2 years,more 10 fire_count,-7°19′4.27″S,-47°3′18.81″W,Manhã,12,1,4574,7,11,21,07/11/21,08:47:56, 4484,20822,16338,0.785,1.802,3.644,0.666,4.373,27.2,26.4,26.8,30.5,45.5,35.1
7,100,50,Cerrado aberto,Savanna grassland,1 - 2 years,more 10 fire_count,-7°19′4.27″S,-47°3′18.81″W,Manhã,12,1,4574,7,11,21,07/11/21,08:48:07, 3078,14046,10968,0.781,1.839,3.563,0.727,4.766,27.2,26.4,26.8,30.5,45.5,35.1
7,100,50,Cerrado aberto,Savanna grassland,1 - 2 years,more 10 fire_count,-7°19′4.27″S,-47°3′18.81″W,Manhã,12,1,4574,7,11,21,07/11/21,08:48:15, 4584,21450,16866,0.786,1.185,3.679,0.599,2.611,27.2,26.4,26.8,30.5,45.5,35.1
7,100,50,Cerrado aberto,Savanna grassland,1 - 2 years,more 10 fire_count,-7°19′4.27″S,-47°3′18.81″W,Manhã,12,1,4574,7,11,21,07/11/21,08:48:28, 6476,31384,24908,0.794,2.459,3.846,0.754,7.132,27.2,26.4,26.8,30.5,45.5,35.1
7,100,50,Cerrado aberto,Savanna grassland,1 - 2 years,more 10 fire_count,-7°19′4.27″S,-47°3′18.81″W,Manhã,12,1,4574,7,11,21,07/11/21,08:48:36, 4848,24734,19886,0.804,1.971,4.102,0.703,5.685,27.2,26.4,26.8,30.5,45.5,35.1
7,100,50,Cerrado aberto,Savanna grassland,1 - 2 years,more 10 fire_count,-7°19′4.27″S,-47°3′18.81″W,Manhã,12,1,4574,7,11,21,07/11/21,08:48:47, 5882,29931,24049,0.803,1.725,4.089,0.668,4.711,27.2,26.4,26.8,30.5,45.5,35.1
7,100,50,Cerrado aberto,Savanna grassland,1 - 2 years,more 10 fire_count,-7°19′5.70″S,-47°3′18.69″W,Manhã,12,2,4575,7,11,21,07/11/21,08:50:31, 5924,28718,22794,0.794,2.063,3.848,0.712,5.653,25.7,24.9,25.3,34.0,47.5,36.7
7,100,50,Cerrado aberto,Savanna grassland,1 - 2 years,more 10 fire_count,-7°19′5.70″S,-47°3′18.69″W,Manhã,12,2,4575,7,11,21,07/11/21,08:50:41, 6300,30542,24242,0.794,2.243,3.848,0.753,6.502,25.7,24.9,25.3,34.0,47.5,36.7
7,100,50,Cerrado aberto,Savanna grassland,1 - 2 years,more 10 fire_count,-7°19′5.70″S,-47°3′18.69″W,Manhã,12,2,4575,7,11,21,07/11/21,08:50:52, 4365,17971,13606,0.757,1.987,3.117,0.721,4.468,25.7,24.9,25.3,34.0,47.5,36.7
7,100,50,Cerrado aberto,Savanna grassland,1 - 2 years,more 10 fire_count,-7°19′5.70″S,-47°3′18.69″W,Manhã,12,2,4575,7,11,21,07/11/21,08:51:01, 4600,21005,16405,0.781,1.594,3.566,0.680,3.865,25.7,24.9,25.3,34.0,47.5,36.7
7,100,50,Cerrado aberto,Savanna grassland,1 - 2 years,more 10 fire_count,-7°19′5.70″S,-47°3′18.69″W,Manhã,12,2,4575,7,11,21,07/11/21,08:51:20, 4776,23592,18816,0.798,1.799,3.940,0.677,4.794,25.7,24.9,25.3,34.0,47.5,36.7
7,100,50,Cerrado aberto,Savanna grassland,1 - 2 years,more 10 fire_count,-7°19′5.70″S,-47°3′18.69″W,Manhã,12,2,4575,7,11,21,07/11/21,08:51:28, 5431,22085,16654,0.754,1.398,3.066,0.678,2.905,25.7,24.9,25.3,34.0,47.5,36.7
7,100,50,Cerrado aberto,Savanna grassland,1 - 2 years,more 10 fire_count,-7°19′5.70″S,-47°3′18.69″W,Manhã,12,2,4575,7,11,21,07/11/21,08:51:44, 5949,28421,22472,0.791,1.583,3.777,0.677,4.049,25.7,24.9,25.3,34.0,47.5,36.7
7,100,50,Cerrado aberto,Savanna grassland,1 - 2 years,more 10 fire_count,-7°19′5.70″S,-47°3′18.69″W,Manhã,12,2,4575,7,11,21,07/11/21,08:51:55, 3543,16640,13097,0.787,1.189,3.697,0.575,2.525,25.7,24.9,25.3,34.0,47.5,36.7
7,100,50,Cerrado aberto,Savanna grassland,1 - 2 years,more 10 fire_count,-7°19′4.95″S,-47°3′19.71″W,Manhã,12,3,4576,7,11,21,07/11/21,08:55:51, 3757,19380,15623,0.806,2.574,4.158,0.722,7.732,26.2,25.0,25.6,48.5,42.0,36.1
7,100,50,Cerrado aberto,Savanna grassland,1 - 2 years,more 10 fire_count,-7°19′4.95″S,-47°3′19.71″W,Manhã,12,3,4576,7,11,21,07/11/21,08:56:02, 4313,21585,17272,0.800,2.185,4.005,0.706,6.176,26.2,25.0,25.6,48.5,42.0,36.1
7,100,50,Cerrado aberto,Savanna grassland,1 - 2 years,more 10 fire_count,-7°19′4.95″S,-47°3′19.71″W,Manhã,12,3,4576,7,11,21,07/11/21,08:56:12, 4173,20581,16408,0.797,2.012,3.932,0.703,5.563,26.2,25.0,25.6,48.5,42.0,36.1
7,100,50,Cerrado aberto,Savanna grassland,1 - 2 years,more 10 fire_count,-7°19′4.95″S,-47°3′19.71″W,Manhã,12,3,4576,7,11,21,07/11/21,08:56:25, 3416,16437,13021,0.792,2.484,3.812,0.751,7.111,26.2,25.0,25.6,48.5,42.0,36.1
7,100,50,Cerrado aberto,Savanna grassland,1 - 2 years,more 10 fire_count,-7°19′4.95″S,-47°3′19.71″W,Manhã,12,3,4576,7,11,21,07/11/21,08:56:36, 7921,24101,16180,0.671,0.458,2.043,0.254,0.237,26.2,25.0,25.6,48.5,42.0,36.1
7,100,50,Cerrado aberto,Savanna grassland,1 - 2 years,more 10 fire_count,-7°19′4.95″S,-47°3′19.71″W,Manhã,12,3,4576,7,11,21,07/11/21,08:56:48, 5344,24778,19434,0.784,1.745,3.637,0.704,4.469,26.2,25.0,25.6,48.5,42.0,36.1
7,100,50,Cerrado aberto,Savanna grassland,1 - 2 years,more 10 fire_count,-7°19′4.95″S,-47°3′19.71″W,Manhã,12,3,4576,7,11,21,07/11/21,08:57:00, 4987,22686,17699,0.780,1.640,3.549,0.678,3.944,26.2,25.0,25.6,48.5,42.0,36.1
7,100,50,Cerrado aberto,Savanna grassland,1 - 2 years,more 10 fire_count,-7°19′4.95″S,-47°3′19.71″W,Manhã,12,3,4576,7,11,21,07/11/21,08:57:09, 3814,18689,14875,0.796,2.170,3.900,0.703,5.952,26.2,25.0,25.6,48.5,42.0,36.1
6,300,50,Cerrado denso,Savanna shrub,6 - 7 years,more 10 fire_count,-7°18′37.91″S,-47°3′15.79″W,Manhã,13,1,4577,7,11,21,07/11/21,09:42:58, 5483,27239,21756,0.799,2.457,3.968,0.712,6.944,29.3,28.1,28.7,44.5,59.5,33.2
6,300,50,Cerrado denso,Savanna shrub,6 - 7 years,more 10 fire_count,-7°18′37.91″S,-47°3′15.79″W,Manhã,13,1,4577,7,11,21,07/11/21,09:43:08, 5916,26105,20189,0.773,1.814,3.413,0.707,4.377,29.3,28.1,28.7,44.5,59.5,33.2
6,300,50,Cerrado denso,Savanna shrub,6 - 7 years,more 10 fire_count,-7°18′37.91″S,-47°3′15.79″W,Manhã,13,1,4577,7,11,21,07/11/21,09:43:17, 7170,31819,24649,0.775,1.841,3.438,0.705,4.463,29.3,28.1,28.7,44.5,59.5,33.2
6,300,50,Cerrado denso,Savanna shrub,6 - 7 years,more 10 fire_count,-7°18′37.91″S,-47°3′15.79″W,Manhã,13,1,4577,7,11,21,07/11/21,09:43:26, 6364,27696,21332,0.770,2.075,3.352,0.727,5.053,29.3,28.1,28.7,44.5,59.5,33.2
6,300,50,Cerrado denso,Savanna shrub,6 - 7 years,more 10 fire_count,-7°18′37.91″S,-47°3′15.79″W,Manhã,13,1,4577,7,11,21,07/11/21,09:43:38, 7482,27571,20089,0.729,0.812,2.685,0.503,1.095,29.3,28.1,28.7,44.5,59.5,33.2
6,300,50,Cerrado denso,Savanna shrub,6 - 7 years,more 10 fire_count,-7°18′37.91″S,-47°3′15.79″W,Manhã,13,1,4577,7,11,21,07/11/21,09:43:59, 3903,17740,13837,0.780,2.085,3.545,0.714,5.280,29.3,28.1,28.7,44.5,59.5,33.2
6,300,50,Cerrado denso,Savanna shrub,6 - 7 years,more 10 fire_count,-7°18′37.91″S,-47°3′15.79″W,Manhã,13,1,4577,7,11,21,07/11/21,09:44:09, 5211,26341,21130,0.802,2.175,4.055,0.710,6.259,29.3,28.1,28.7,44.5,59.5,33.2
6,300,50,Cerrado denso,Savanna shrub,6 - 7 years,more 10 fire_count,-7°18′37.91″S,-47°3′15.79″W,Manhã,13,1,4577,7,11,21,07/11/21,09:44:17, 5046,24059,19013,0.790,1.922,3.768,0.712,5.160,29.3,28.1,28.7,44.5,59.5,33.2
6,300,50,Cerrado denso,Savanna shrub,6 - 7 years,more 10 fire_count,-7°18′39.60″S,-47°3′15.87″W,Manhã,13,2,4578,7,11,21,07/11/21,09:46:53, 4835,21651,16816,0.777,2.012,3.478,0.699,4.890,30.4,27.9,28.5,37.0,59.5,35.0
6,300,50,Cerrado denso,Savanna shrub,6 - 7 years,more 10 fire_count,-7°18′39.60″S,-47°3′15.87″W,Manhã,13,2,4578,7,11,21,07/11/21,09:47:03, 5217,24954,19737,0.791,2.039,3.783,0.696,5.371,30.4,27.9,28.5,37.0,59.5,35.0
6,300,50,Cerrado denso,Savanna shrub,6 - 7 years,more 10 fire_count,-7°18′39.60″S,-47°3′15.87″W,Manhã,13,2,4578,7,11,21,07/11/21,09:47:17, 4343,20947,16604,0.793,2.254,3.823,0.720,6.202,30.4,27.9,28.5,37.0,59.5,35.0
6,300,50,Cerrado denso,Savanna shrub,6 - 7 years,more 10 fire_count,-7°18′39.60″S,-47°3′15.87″W,Manhã,13,2,4578,7,11,21,07/11/21,09:47:26, 5565,27342,21777,0.796,2.478,3.913,0.737,7.144,30.4,27.9,28.5,37.0,59.5,35.0
6,300,50,Cerrado denso,Savanna shrub,6 - 7 years,more 10 fire_count,-7°18′39.60″S,-47°3′15.87″W,Manhã,13,2,4578,7,11,21,07/11/21,09:47:37, 4480,21115,16635,0.788,2.337,3.713,0.745,6.469,30.4,27.9,28.5,37.0,59.5,35.0
6,300,50,Cerrado denso,Savanna shrub,6 - 7 years,more 10 fire_count,-7°18′39.60″S,-47°3′15.87″W,Manhã,13,2,4578,7,11,21,07/11/21,09:47:46, 4274,20952,16678,0.796,1.844,3.902,0.678,4.877,30.4,27.9,28.5,37.0,59.5,35.0
6,300,50,Cerrado denso,Savanna shrub,6 - 7 years,more 10 fire_count,-7°18′39.60″S,-47°3′15.87″W,Manhã,13,2,4578,7,11,21,07/11/21,09:47:59, 6875,32564,25689,0.789,2.451,3.737,0.759,6.949,30.4,27.9,28.5,37.0,59.5,35.0
6,300,50,Cerrado denso,Savanna shrub,6 - 7 years,more 10 fire_count,-7°18′39.60″S,-47°3′15.87″W,Manhã,13,2,4578,7,11,21,07/11/21,09:48:08, 4062,16995,12933,0.761,1.381,3.184,0.641,2.820,30.4,27.9,28.5,37.0,59.5,35.0
6,300,50,Cerrado denso,Savanna shrub,6 - 7 years,more 10 fire_count,-7°18′40.58″S,-47°3′15.78″W,Manhã,13,3,4579,7,11,21,07/11/21,09:53:01, 5293,24490,19197,0.784,2.067,3.627,0.706,5.293,28.0,26.3,26.9,51.5,64.5,33.2
6,300,50,Cerrado denso,Savanna shrub,6 - 7 years,more 10 fire_count,-7°18′40.58″S,-47°3′15.78″W,Manhã,13,3,4579,7,11,21,07/11/21,09:53:11, 3729,17970,14241,0.792,1.988,3.819,0.702,5.329,28.0,26.3,26.9,51.5,64.5,33.2
6,300,50,Cerrado denso,Savanna shrub,6 - 7 years,more 10 fire_count,-7°18′40.58″S,-47°3′15.78″W,Manhã,13,3,4579,7,11,21,07/11/21,09:53:21, 4515,21523,17008,0.790,1.421,3.767,0.653,3.497,28.0,26.3,26.9,51.5,64.5,33.2
6,300,50,Cerrado denso,Savanna shrub,6 - 7 years,more 10 fire_count,-7°18′40.58″S,-47°3′15.78″W,Manhã,13,3,4579,7,11,21,07/11/21,09:53:32, 6660,31751,25091,0.790,2.442,3.767,0.736,6.772,28.0,26.3,26.9,51.5,64.5,33.2
6,300,50,Cerrado denso,Savanna shrub,6 - 7 years,more 10 fire_count,-7°18′40.58″S,-47°3′15.78″W,Manhã,13,3,4579,7,11,21,07/11/21,09:53:49, 5335,26254,20919,0.797,1.808,3.921,0.679,4.813,28.0,26.3,26.9,51.5,64.5,33.2
6,300,50,Cerrado denso,Savanna shrub,6 - 7 years,more 10 fire_count,-7°18′40.58″S,-47°3′15.78″W,Manhã,13,3,4579,7,11,21,07/11/21,09:53:59, 2785,12039,9254,0.769,1.766,3.323,0.702,4.118,28.0,26.3,26.9,51.5,64.5,33.2
6,300,50,Cerrado denso,Savanna shrub,6 - 7 years,more 10 fire_count,-7°18′40.58″S,-47°3′15.78″W,Manhã,13,3,4579,7,11,21,07/11/21,09:54:11, 3946,18740,14794,0.789,1.552,3.749,0.680,3.955,28.0,26.3,26.9,51.5,64.5,33.2
6,300,50,Cerrado denso,Savanna shrub,6 - 7 years,more 10 fire_count,-7°18′40.58″S,-47°3′15.78″W,Manhã,13,3,4579,7,11,21,07/11/21,09:54:21, 4475,19877,15402,0.775,1.975,3.442,0.725,4.929,28.0,26.3,26.9,51.5,64.5,33.2
6,100,50,Cerrado denso,Savanna shrub,1 - 2 years,more 10 fire_count,-7°18′2.40″S,-47°3′31.10″W,Manhã,14,1,4580,7,11,21,07/11/21,10:40:59, 6171,25919,19748,0.762,1.804,3.200,0.723,4.177,30.3,28.8,29.6,58.5,62.5,39.2
6,100,50,Cerrado denso,Savanna shrub,1 - 2 years,more 10 fire_count,-7°18′2.40″S,-47°3′31.10″W,Manhã,14,1,4580,7,11,21,07/11/21,10:41:09, 6194,26168,19974,0.763,1.852,3.225,0.728,4.350,30.3,28.8,29.6,58.5,62.5,39.2
6,100,50,Cerrado denso,Savanna shrub,1 - 2 years,more 10 fire_count,-7°18′2.40″S,-47°3′31.10″W,Manhã,14,1,4580,7,11,21,07/11/21,10:41:20, 6447,28043,21596,0.770,1.969,3.350,0.718,4.737,30.3,28.8,29.6,58.5,62.5,39.2
6,100,50,Cerrado denso,Savanna shrub,1 - 2 years,more 10 fire_count,-7°18′2.40″S,-47°3′31.10″W,Manhã,14,1,4580,7,11,21,07/11/21,10:41:29, 5305,22146,16841,0.760,1.500,3.175,0.687,3.272,30.3,28.8,29.6,58.5,62.5,39.2
6,100,50,Cerrado denso,Savanna shrub,1 - 2 years,more 10 fire_count,-7°18′2.40″S,-47°3′31.10″W,Manhã,14,1,4580,7,11,21,07/11/21,10:41:41, 5633,25212,19579,0.777,2.146,3.476,0.748,5.580,30.3,28.8,29.6,58.5,62.5,39.2
6,100,50,Cerrado denso,Savanna shrub,1 - 2 years,more 10 fire_count,-7°18′2.40″S,-47°3′31.10″W,Manhã,14,1,4580,7,11,21,07/11/21,10:41:49, 5297,21441,16144,0.753,1.324,3.048,0.655,2.644,30.3,28.8,29.6,58.5,62.5,39.2
6,100,50,Cerrado denso,Savanna shrub,1 - 2 years,more 10 fire_count,-7°18′2.40″S,-47°3′31.10″W,Manhã,14,1,4580,7,11,21,07/11/21,10:42:01, 5763,24895,19132,0.769,2.343,3.320,0.771,6.000,30.3,28.8,29.6,58.5,62.5,39.2
6,100,50,Cerrado denso,Savanna shrub,1 - 2 years,more 10 fire_count,-7°18′2.40″S,-47°3′31.10″W,Manhã,14,1,4580,7,11,21,07/11/21,10:42:11, 5520,25057,19537,0.780,1.919,3.539,0.715,4.854,30.3,28.8,29.6,58.5,62.5,39.2
6,100,50,Cerrado denso,Savanna shrub,1 - 2 years,more 10 fire_count,-7°18′3.26″S,-47°3′32.31″W,Manhã,14,2,4581,7,11,21,07/11/21,10:45:26, 3824,14169,10345,0.730,1.391,2.705,0.712,2.679,31.8,28.8,29.4,70.0,54.0,36.3
6,100,50,Cerrado denso,Savanna shrub,1 - 2 years,more 10 fire_count,-7°18′3.26″S,-47°3′32.31″W,Manhã,14,2,4581,7,11,21,07/11/21,10:45:36, 5369,22262,16893,0.759,1.602,3.146,0.710,3.581,31.8,28.8,29.4,70.0,54.0,36.3
6,100,50,Cerrado denso,Savanna shrub,1 - 2 years,more 10 fire_count,-7°18′3.26″S,-47°3′32.31″W,Manhã,14,2,4581,7,11,21,07/11/21,10:45:48, 6610,28105,21495,0.765,1.979,3.252,0.716,4.607,31.8,28.8,29.4,70.0,54.0,36.3
6,100,50,Cerrado denso,Savanna shrub,1 - 2 years,more 10 fire_count,-7°18′3.26″S,-47°3′32.31″W,Manhã,14,2,4581,7,11,21,07/11/21,10:45:57, 5948,24915,18967,0.761,1.713,3.189,0.716,3.911,31.8,28.8,29.4,70.0,54.0,36.3
6,100,50,Cerrado denso,Savanna shrub,1 - 2 years,more 10 fire_count,-7°18′3.26″S,-47°3′32.31″W,Manhã,14,2,4581,7,11,21,07/11/21,10:46:11, 5589,23408,17819,0.761,2.193,3.188,0.759,5.306,31.8,28.8,29.4,70.0,54.0,36.3
6,100,50,Cerrado denso,Savanna shrub,1 - 2 years,more 10 fire_count,-7°18′3.26″S,-47°3′32.31″W,Manhã,14,2,4581,7,11,21,07/11/21,10:46:21, 5944,25212,19268,0.764,1.898,3.242,0.722,4.443,31.8,28.8,29.4,70.0,54.0,36.3
6,100,50,Cerrado denso,Savanna shrub,1 - 2 years,more 10 fire_count,-7°18′3.26″S,-47°3′32.31″W,Manhã,14,2,4581,7,11,21,07/11/21,10:46:36, 4386,18540,14154,0.763,1.921,3.227,0.736,4.565,31.8,28.8,29.4,70.0,54.0,36.3
6,100,50,Cerrado denso,Savanna shrub,1 - 2 years,more 10 fire_count,-7°18′3.26″S,-47°3′32.31″W,Manhã,14,2,4581,7,11,21,07/11/21,10:46:44, 6220,25429,19209,0.755,2.048,3.088,0.742,4.695,31.8,28.8,29.4,70.0,54.0,36.3
6,100,50,Cerrado denso,Savanna shrub,1 - 2 years,more 10 fire_count,-7°18′4.95″S,-47°3′31.34″W,Manhã,14,3,4582,7,11,21,07/11/21,10:50:46, 4926,21425,16499,0.770,1.966,3.349,0.722,4.755,32.9,29.3,31.0,32.0,57.5,39.9
6,100,50,Cerrado denso,Savanna shrub,1 - 2 years,more 10 fire_count,-7°18′4.95″S,-47°3′31.34″W,Manhã,14,3,4582,7,11,21,07/11/21,10:50:54, 5367,22535,17168,0.762,2.022,3.199,0.730,4.724,32.9,29.3,31.0,32.0,57.5,39.9
6,100,50,Cerrado denso,Savanna shrub,1 - 2 years,more 10 fire_count,-7°18′4.95″S,-47°3′31.34″W,Manhã,14,3,4582,7,11,21,07/11/21,10:51:09, 4923,21912,16989,0.775,2.805,3.451,0.779,7.545,32.9,29.3,31.0,32.0,57.5,39.9
6,100,50,Cerrado denso,Savanna shrub,1 - 2 years,more 10 fire_count,-7°18′4.95″S,-47°3′31.34″W,Manhã,14,3,4582,7,11,21,07/11/21,10:51:22, 5671,25284,19613,0.776,1.832,3.458,0.711,4.506,32.9,29.3,31.0,32.0,57.5,39.9
6,100,50,Cerrado denso,Savanna shrub,1 - 2 years,more 10 fire_count,-7°18′4.95″S,-47°3′31.34″W,Manhã,14,3,4582,7,11,21,07/11/21,10:51:31, 5092,21815,16723,0.767,1.965,3.284,0.730,4.712,32.9,29.3,31.0,32.0,57.5,39.9
6,100,50,Cerrado denso,Savanna shrub,1 - 2 years,more 10 fire_count,-7°18′4.95″S,-47°3′31.34″W,Manhã,14,3,4582,7,11,21,07/11/21,10:51:45, 5502,24229,18727,0.773,2.338,3.404,0.759,6.039,32.9,29.3,31.0,32.0,57.5,39.9
6,100,50,Cerrado denso,Savanna shrub,1 - 2 years,more 10 fire_count,-7°18′4.95″S,-47°3′31.34″W,Manhã,14,3,4582,7,11,21,07/11/21,10:51:55, 1131,4771,3640,0.763,2.723,3.218,0.805,7.058,32.9,29.3,31.0,32.0,57.5,39.9
6,100,50,Cerrado denso,Savanna shrub,1 - 2 years,more 10 fire_count,-7°18′4.95″S,-47°3′31.34″W,Manhã,14,3,4582,7,11,21,07/11/21,10:52:03, 3976,18252,14276,0.782,2.421,3.591,0.756,6.571,32.9,29.3,31.0,32.0,57.5,39.9
8,200,50,Cerrado rupestre,Rocky outcrops savanna,3 - 4 years,more 10 fire_count,-7°19′23.23″S,-47°3′20.58″W,Manhã,15,1,4583,7,11,21,07/11/21,11:51:56, 4033,16596,12563,0.757,1.826,3.115,0.686,3.901,35.0,29.9,31.1,78.0,63.5,34.9
8,200,50,Cerrado rupestre,Rocky outcrops savanna,3 - 4 years,more 10 fire_count,-7°19′23.23″S,-47°3′20.58″W,Manhã,15,1,4583,7,11,21,07/11/21,11:52:18, 4277,18635,14358,0.770,2.052,3.357,0.727,5.005,35.0,29.9,31.1,78.0,63.5,34.9
8,200,50,Cerrado rupestre,Rocky outcrops savanna,3 - 4 years,more 10 fire_count,-7°19′23.23″S,-47°3′20.58″W,Manhã,15,1,4583,7,11,21,07/11/21,11:52:31, 4919,19954,15035,0.753,1.852,3.057,0.713,4.034,35.0,29.9,31.1,78.0,63.5,34.9
8,200,50,Cerrado rupestre,Rocky outcrops savanna,3 - 4 years,more 10 fire_count,-7°19′23.23″S,-47°3′20.58″W,Manhã,15,1,4583,7,11,21,07/11/21,11:52:54, 5501,21260,15759,0.741,1.296,2.865,0.603,2.237,35.0,29.9,31.1,78.0,63.5,34.9
8,200,50,Cerrado rupestre,Rocky outcrops savanna,3 - 4 years,more 10 fire_count,-7°19′23.23″S,-47°3′20.58″W,Manhã,15,1,4583,7,11,21,07/11/21,11:53:08, 6157,25949,19792,0.763,1.561,3.215,0.668,3.354,35.0,29.9,31.1,78.0,63.5,34.9
8,200,50,Cerrado rupestre,Rocky outcrops savanna,3 - 4 years,more 10 fire_count,-7°19′23.23″S,-47°3′20.58″W,Manhã,15,1,4583,7,11,21,07/11/21,11:53:20, 6342,25805,19463,0.754,1.404,3.069,0.677,2.916,35.0,29.9,31.1,78.0,63.5,34.9
8,200,50,Cerrado rupestre,Rocky outcrops savanna,3 - 4 years,more 10 fire_count,-7°19′23.23″S,-47°3′20.58″W,Manhã,15,1,4583,7,11,21,07/11/21,11:53:37, 4869,14685,9816,0.668,1.263,2.016,0.622,1.584,35.0,29.9,31.1,78.0,63.5,34.9
8,200,50,Cerrado rupestre,Rocky outcrops savanna,3 - 4 years,more 10 fire_count,-7°19′23.23″S,-47°3′20.58″W,Manhã,15,1,4583,7,11,21,07/11/21,11:53:52, 5600,21863,16263,0.744,1.525,2.904,0.702,3.107,35.0,29.9,31.1,78.0,63.5,34.9
8,400,20,Cerrado rupestre,Rocky outcrops savanna,more 10 years,2 - 4 fire_count,-7°19′22.27″S,-47°3′19.75″W,Manhã,15,2,4585,7,11,21,07/11/21,11:56:18, 6700,27750,21050,0.759,1.570,3.142,0.652,3.217,43.1,31.7,33.5,55.0,31.5,37.8
8,400,20,Cerrado rupestre,Rocky outcrops savanna,more 10 years,2 - 4 fire_count,-7°19′22.27″S,-47°3′19.75″W,Manhã,15,2,4585,7,11,21,07/11/21,11:56:32, 4850,20103,15253,0.759,1.258,3.145,0.617,2.441,43.1,31.7,33.5,55.0,31.5,37.8
8,400,20,Cerrado rupestre,Rocky outcrops savanna,more 10 years,2 - 4 fire_count,-7°19′22.27″S,-47°3′19.75″W,Manhã,15,2,4585,7,11,21,07/11/21,11:56:50, 5230,17242,12012,0.697,0.681,2.297,0.481,0.752,43.1,31.7,33.5,55.0,31.5,37.8
8,400,20,Cerrado rupestre,Rocky outcrops savanna,more 10 years,2 - 4 fire_count,-7°19′22.27″S,-47°3′19.75″W,Manhã,15,2,4585,7,11,21,07/11/21,11:57:05, 5714,23606,17892,0.758,1.955,3.131,0.751,4.596,43.1,31.7,33.5,55.0,31.5,37.8
8,400,20,Cerrado rupestre,Rocky outcrops savanna,more 10 years,2 - 4 fire_count,-7°19′22.27″S,-47°3′19.75″W,Manhã,15,2,4585,7,11,21,07/11/21,11:57:24, 5334,19437,14103,0.726,1.143,2.644,0.574,1.733,43.1,31.7,33.5,55.0,31.5,37.8
8,400,20,Cerrado rupestre,Rocky outcrops savanna,more 10 years,2 - 4 fire_count,-7°19′22.27″S,-47°3′19.75″W,Manhã,15,2,4585,7,11,21,07/11/21,11:57:48, 3736,14160,10424,0.736,0.936,2.790,0.505,1.318,43.1,31.7,33.5,55.0,31.5,37.8
8,400,20,Cerrado rupestre,Rocky outcrops savanna,more 10 years,2 - 4 fire_count,-7°19′22.27″S,-47°3′19.75″W,Manhã,15,2,4585,7,11,21,07/11/21,11:58:07, 5780,21000,15220,0.725,1.165,2.633,0.622,1.908,43.1,31.7,33.5,55.0,31.5,37.8
8,400,20,Cerrado rupestre,Rocky outcrops savanna,more 10 years,2 - 4 fire_count,-7°19′22.27″S,-47°3′19.75″W,Manhã,15,2,4585,7,11,21,07/11/21,11:58:24, 6796,30352,23556,0.776,2.125,3.466,0.723,5.326,43.1,31.7,33.5,55.0,31.5,37.8
8,400,30,Cerrado rupestre,Rocky outcrops savanna,more 10 years,5 - 7 fire_count,-7°19′24.41″S,-47°3′19.88″W,Manhã,15,3,4584,7,11,21,07/11/21,12:03:52, 5720,24702,18982,0.768,1.589,3.319,0.625,3.298,34.0,28.0,29.5,69.5,56.5,37.3
8,400,30,Cerrado rupestre,Rocky outcrops savanna,more 10 years,5 - 7 fire_count,-7°19′24.41″S,-47°3′19.88″W,Manhã,15,3,4584,7,11,21,07/11/21,12:04:05, 6648,25673,19025,0.741,1.360,2.862,0.648,2.521,34.0,28.0,29.5,69.5,56.5,37.3
8,400,30,Cerrado rupestre,Rocky outcrops savanna,more 10 years,5 - 7 fire_count,-7°19′24.41″S,-47°3′19.88″W,Manhã,15,3,4584,7,11,21,07/11/21,12:04:25, 5256,19960,14704,0.737,1.079,2.798,0.548,1.656,34.0,28.0,29.5,69.5,56.5,37.3
8,400,30,Cerrado rupestre,Rocky outcrops savanna,more 10 years,5 - 7 fire_count,-7°19′24.41″S,-47°3′19.88″W,Manhã,15,3,4584,7,11,21,07/11/21,12:04:42, 5808,23473,17665,0.753,1.360,3.041,0.620,2.564,34.0,28.0,29.5,69.5,56.5,37.3
8,400,30,Cerrado rupestre,Rocky outcrops savanna,more 10 years,5 - 7 fire_count,-7°19′24.41″S,-47°3′19.88″W,Manhã,15,3,4584,7,11,21,07/11/21,12:04:53, 5192,21770,16578,0.762,1.169,3.193,0.557,2.079,34.0,28.0,29.5,69.5,56.5,37.3
8,400,30,Cerrado rupestre,Rocky outcrops savanna,more 10 years,5 - 7 fire_count,-7°19′24.41″S,-47°3′19.88″W,Manhã,15,3,4584,7,11,21,07/11/21,12:05:05, 5941,25706,19765,0.769,1.505,3.327,0.619,3.098,34.0,28.0,29.5,69.5,56.5,37.3
8,400,30,Cerrado rupestre,Rocky outcrops savanna,more 10 years,5 - 7 fire_count,-7°19′24.41″S,-47°3′19.88″W,Manhã,15,3,4584,7,11,21,07/11/21,12:05:19, 6425,25283,18858,0.746,1.361,2.935,0.620,2.476,34.0,28.0,29.5,69.5,56.5,37.3
8,400,30,Cerrado rupestre,Rocky outcrops savanna,more 10 years,5 - 7 fire_count,-7°19′24.41″S,-47°3′19.88″W,Manhã,15,3,4584,7,11,21,07/11/21,12:05:37, 6154,22961,16807,0.732,1.078,2.731,0.603,1.776,34.0,28.0,29.5,69.5,56.5,37.3